restaurantID,rating_y,average sentiments
-0oBrlx668ghShZLzOOwpw,5.0,positive
-0xNhQ5cv1q8SbCwBu0h6A,1.0,negative
-13rqFgAMkp8c0YRW5gv-Q,4.0,negative
-1n0DOZ7jz9RozcIO1Bx5g,5.0,positive
-3Bz4dwz3_hytmUYhTfwMg,4.4,positive
-5-QOUmCbGgwTZ1qGodCgg,1.0,negative
-6xaK5elUFw6YBwtcLdKqw,5.0,positive
-9jxsN4TDpsARuHCiEuolw,3.0,positive
-Aev5O4GkAG1zVKc4dRBTg,4.0,negative
-BKSuORz6rwIcTSGAV_GwA,3.6666666666666665,positive
-CclMIdTyOnA2vWrubC2Iw,2.773109243697479,positive
-CehJGwsRwnYZ7e3vvX_Xg,3.2222222222222223,negative
-DcI9z3WSJx09mzCuJPf_A,5.0,positive
-GpWeQogXbJNFx_xE6arCA,3.4444444444444446,negative
-OfTDHHtqCRGZiXZjBgSjg,4.0,positive
-OoRBi390Kiv6vDMKDOfNA,2.6666666666666665,negative
-R32EndpQtBGZxsfbPItiw,2.5,negative
-SSQ1tKlC0xJTDA4hS1wMg,4.0,positive
-SoALCgFIICnppHvmhr6Kg,2.333333333333333,negative
-T3VU1ArNHupeRuO766U9Q,4.333333333333333,positive
-TcRFgNoikGd36DlgokVdA,4.583333333333333,positive
-Vc6DgUUXKcVVVTQ4YZmJQ,3.111111111111111,positive
-WL5bFWWhbwWCVI4GYBkhQ,4.30188679245283,positive
-aIXGAuLnicdsmOutY9ebQ,3.0789473684210527,positive
-bfF_-h5p4jRC937npYdvg,3.9166666666666665,positive
-eXYVd25zif2AOVfzs4azg,5.0,negative
-gRWlMxEYhUJmRHQiG3WBg,4.428571428571429,positive
-guHhnAYoW7chTG4Vc5g4Q,4.333333333333333,positive
-iC6IMSJaNL8BcWHxvf9Sg,3.7777777777777777,positive
-iXqnFg4a_IlGq4gqFXrSw,3.5,negative
-jBvJsJZxs-dEDKZsDXIug,5.0,positive
-kOOJJZNsTy6upgze1jRfA,3.727272727272727,positive
-kwXSPyiUMsP6FCzUEYJmA,1.75,negative
-l1vG_Oa1LzUouVUE3JhHQ,2.8571428571428568,positive
-n8cYKty5pRIm6ggf59sxw,2.6666666666666665,positive
-oFLf8XkaaTy_QYYIgJ6kg,5.0,positive
-pXN0db3PcFGxmFIhUAgEQ,5.0,positive
-rM3lJQNK0xB3jctDyhfVQ,5.0,negative
-ujJAzrSec4d1bl5W1ehBg,4.0,positive
-upcPPR1UkCzN8ffCJa_VQ,1.0,negative
-x256BGaUq3lUL2_oF2x_g,1.7142857142857142,negative
0-j1UL2JhVfPc-flsK3aVA,4.666666666666667,negative
01yNa41hLfHjKJl2mQ1vxA,3.6666666666666665,negative
03Rr6CHAjtJuoG_im3xg8w,3.0,positive
05lOAHlV7gmOnu-TVdiQmQ,1.0,negative
07bYoHMPJidJffPau1Af1Q,2.6,negative
091Y2qP4mAZpHfrdwqQyZQ,5.0,positive
09f1dbS5-6Nw-1eckNyn1Q,5.0,negative
0E26D7x4PPE-J1BoT18uEQ,1.0,negative
0EDi2DB63YXgmwaPeOsYEw,4.0,positive
0Go04SmDIjLgxDP5tM1gNQ,2.952380952380953,negative
0IWIwWQKCSugciSuXAX2Xw,2.0,negative
0MvTwFDsxRxtJIySaZtGSQ,4.9230769230769225,positive
0NxbQw_0CDMoivD7UcrMQg,3.6060606060606064,positive
0OBKdSLPrwKfLvU9y_4UyQ,5.0,positive
0Rra5bzEUm4IxfqG4sonLg,3.6,negative
0S9Jwud_Z-ViNoiR4me6iQ,2.95,negative
0SSiwwihNfYeM1-spqgIBQ,3.9690721649484537,positive
0ST47AokxIzBKKffPvsuIw,4.037037037037037,positive
0T0duD3SSxYq5URTiYD6ow,2.333333333333333,negative
0Z1sv9jRKD57-zNYYgTeJg,4.96,positive
0aaNoHueSD9mmSWOYIW1qg,4.0,positive
0c0sRK0EJy-0cpKm8T3rbg,4.741935483870968,positive
0hjlH9KmXhyYMfrkBrLeew,4.5,positive
0lDrCk-haGBAZZeTtLwulw,3.5,positive
0mX-tNF24Ap58fwl8IGglg,2.875,negative
0nV0x0u3NhWq-UfQAmLafw,1.0,positive
0qaoxkcF_Z1NNjXDMQoV6w,2.4,negative
0riReGUvbcjeDKFo290a6g,5.0,positive
0s3yJUGqg9KrPCSwk8hJNA,3.95,positive
0twBHr1MbmS1EkeIrKmNQw,2.0,negative
0w-Ge6WGb5qSID4QeWQzEQ,3.6538461538461537,negative
0wo34gZH3aYIoQEDeNtycg,3.5,negative
0yP87uAYtYR4KpumVdAFEw,1.5,negative
0yvGouZR5QGbi9em_98xRQ,3.0,negative
1-3Z-Rb6smVQas_d0gSa3A,1.0,positive
1-FI7W_1TmnahScEz19RhA,3.0,negative
1-rozNwZ2AEU9AQJ2HTOUQ,1.3333333333333333,negative
11aZIVYHsc_xb43lGHgGbQ,3.6,negative
12YOCJb0zuKue-F7ysHGSg,4.470588235294118,positive
13H1Buaj31mBwLgopGE3xQ,2.0,negative
13kjjg4RptOJ4U9UYM_rrw,1.2,negative
1AjGTOFmlU2hwybShRh4hQ,3.652173913043478,positive
1Bk1hgF4dRutIm2srql7Kg,2.0,negative
1Km-oO8bX43gNFeAbGiYTQ,3.896551724137931,positive
1MfiZuyRzucrxEyIaIXgwg,4.0,positive
1QYw2DpFXY6PqvV7C0GTZw,2.5,negative
1Rvmtp17yoY9cDsEPLYaSg,2.8823529411764706,negative
1S3tW00La1Nphe91vFBjog,4.0,negative
1Vglu_Qdgybx7OcwsEqzkw,3.4444444444444446,positive
1_zkTuPxEFkPAocuiO101w,1.5,negative
1f7JLbrbquvAEhg0heyKFQ,2.0,negative
1hJYOI26FjCQ-Ce6iKAvug,4.1680672268907575,positive
1iyzE4xlk1HNGkULak5alg,4.0,negative
1jSRazECx0xeJs8HT9W_jQ,3.6,negative
1m2ze0cXx2miXKj0VTJuxQ,4.166666666666667,positive
1prznGO3MwE6Yf60xYuwTQ,3.5,positive
1rJZHq8Cce3PJxCte1lalw,3.888888888888889,positive
1s6Q6AWIc6f9RVVQ92ZFaw,3.0,positive
1s9iSQ4z8yDy9ffGqg81Fw,3.4,positive
1ukE2y-MzEnG-SM3p8Mq0Q,4.2,positive
1uqwWskpD_i2Icx0f9S8jg,3.8181818181818175,positive
1y1xDvXbO-bKZFgmkMALVA,3.0487804878048776,positive
1yUM4vdxwTDs6EuoZ086Hg,3.0,positive
2-Jvw8bADNZ0E-T3tDDrRA,4.0,negative
20M9zhLEEnoB0qGsyoSxIA,4.5,negative
20wfxKZnNFsnp2CdB7Eahw,5.0,positive
210rvDTo_0HSSo5tLr9HMA,2.5,negative
21D0_8YEyT7I69iwY6XIlQ,2.8461538461538463,negative
21Q4OsA95Vb2TURFpeTIcg,3.0,positive
21f2w6z-FdAjnYu970gn0g,3.0,positive
22GkDUHxH3xBmGO0_g4GVQ,3.0,positive
24WqBsmrWPYEsI0ys3ZWWA,5.0,positive
24sB8bOQneWRVBi9N1VY5Q,3.2666666666666666,positive
2AH6AcX1L6sNX60GUsEwVA,4.120689655172414,positive
2BxHjDHNq2342L_cMsSNgg,3.333333333333333,positive
2BxHkSktvRjxZ6Be9Y4NVw,3.6666666666666665,negative
2CWs-l5YJSNgRN77erAXbw,4.666666666666667,positive
2G_LdsOLFtHhekimlOeRcw,3.8125,negative
2Gvg-l2UBRpb7sGxR0aZPA,1.0,negative
2Lly37VVeM39l1RS3EzqAw,3.5,positive
2PIvYS7kCl4O8WD71-XjQw,4.0,negative
2T77jRv5abRFZnzuqYCK_w,4.0,positive
2U4Joky5DZ3m8-HN4iM8cg,5.0,positive
2ZJ8Pr0OhDYEsF8KuITTzQ,3.5,positive
2ZURzjCMKBBClbafMY0eHw,2.6666666666666665,negative
2a5LBuNC1hQNOS9pbaRIkQ,3.0,negative
2ai5kEKuLQ_lGmKs5x81Tw,2.75,positive
2fMPAjajtxmcaJmAIaZ7Eg,3.8333333333333335,positive
2fUEU9X3sKA52G45edMizA,5.0,positive
2fZ02ae7kZG9PW0vKjtTRQ,3.9166666666666665,negative
2g63sTi0w1aB6avw7rP69w,3.0,positive
2gmthMUNBttWUIugJAnOkw,4.125,negative
2idH6ihDTO_qK9-y8r-hKg,4.0,positive
2ldSwMPrAV59rHSOymBqWw,2.0,negative
2m_KBLL9Bk_dwZ5n5b11nw,3.7910447761194033,positive
2mafzHdB8XlBfBqwclWkKg,3.6666666666666665,negative
2nghVWzBaF45Vl--2O6cSA,5.0,positive
2svAajXvBaFJpv8pWxAc3g,4.0,positive
2wQJD6EQTSsEKuJLysYB_g,4.055555555555555,positive
2xezU4jZXr3SsdNVq5Ta6g,3.5,negative
2zhHulwNrtph6BPQK_lQ1w,4.5,negative
32xJ0Xxshxzy8XhXp2WnKQ,4.75,positive
35KeOhB4jWlCwAxlXuxtUg,5.0,positive
38gt6s_jrOlnjHhHAODXXA,4.0,negative
3BKnY2wzy4QM20Fr1nqDsg,3.984848484848485,positive
3DvrpXBRJYZZyMUDYj6Gww,3.6666666666666665,positive
3EUX286ckiX2g6ig8GFZAQ,4.0,negative
3EZJnLh_kOKvNCQg21I_4g,3.0,positive
3FLqwlT1dbA3Djw3rEGp6g,3.5,negative
3FSFRihADufwF4ZmJ5V4eA,1.0,positive
3GXFsq9rJZUWXOJCQf-dIQ,3.7857142857142856,positive
3JKpC8NVEwehiYEP5PZUyw,4.909090909090909,positive
3JVf9XaeovtphmXICKP4UQ,5.0,negative
3NHRKPfkUbG3FNfcXt8gqQ,3.0,negative
3NV7hlKcTm5be625ylnyBA,3.5,positive
3NnjTih2DgDo3mMD12buwQ,5.0,negative
3PStSuAE5GwXl9Av_vBSOg,2.0,negative
3Sm8sZ0FrFQpbu9Eft1ROA,3.7857142857142856,positive
3TO5TOt6EA3CJIRFDaIZTg,2.0,negative
3Tb7nFDCO63gbQK5pm0Mag,1.0,negative
3V-LqgL1Pmo8597Pan1uaw,5.0,negative
3bYTS6ormbI2NzamGvLwaw,1.0,negative
3hzb9Oy0i9JgrQtqZpG4Ag,3.875,positive
3nL7nX2vtyN37-jmy22z9A,4.6,positive
3nLRQuRKpCOj6zwp6WHtAw,5.0,positive
3pL7x-7C29VUffLDDwOt8g,3.333333333333333,positive
3tvOLEEu7neQAA3DzHcsQA,3.5,positive
3uExHbBEstd2EFZE0rqP2Q,1.5,negative
3vayzHh-KhCoj0y0xtsiEg,5.0,positive
3zFnA3zUZGhM7uO72svYFg,4.3,positive
3znBF55psLGRk7RFkRVtGA,5.0,negative
40Mpc35KZzsl9ZhUqYG8xA,5.0,positive
42RURnmGeBKdfop0i4lEyw,4.0,positive
42fKxghGjTmoBaTsX0OiFg,3.4166666666666665,positive
47CFeWqm4WxQZVKWNdLxbw,3.25,positive
4AGNyl3PSTJDndUvkHu6WQ,4.333333333333333,positive
4DRO4odzVxEt6NbU352p8g,5.0,positive
4DcXRZLvvN-VQiPK0hEBgQ,5.0,positive
4FMK_dt30oLQDNOsx6R2Rw,4.0,positive
4GFZJzbt6Ah15RL6GBDx0w,4.5,negative
4HHIt4OVTMiBKx2nVrZZig,2.5,negative
4Hfzfkgp7Q3-XhqVK_9Eng,4.666666666666667,positive
4JUhaXWC1IcUFcA_tOVYuA,3.0,positive
4OVgBtwrqKexJad6axdErA,1.0,negative
4SLcA-_yv--GUAPctexFbQ,1.0,negative
4SmEprZO0coUzo2HDM6KXg,3.0,positive
4Tf587qzzP8iY43MYXQYWQ,3.0,negative
4UQ18B7HZDKrRNUeE7LLKg,3.1875,positive
4VyzVcgkwRSCoatWZraTJw,5.0,positive
4bn_9znR6PX7UUjltzKOlw,2.0,negative
4c0Pa0UIfWbFZVSIuYYtqg,5.0,positive
4fThwu5WLrejpf9KsDzmoQ,2.9,negative
4h1nvAGJRcBZz4ZHnf9UkQ,5.0,positive
4h9EmFR-BYdjK1S73Xo6ZQ,1.0,negative
4hEWyzVZ4gKdAoBpsd7Rrw,3.1046511627906983,positive
4hIXfj2MU4sDG3E8yNpJsQ,4.0,negative
4iI6yIoeJhjiVuaZv4ZHmA,4.6923076923076925,positive
4jaALpR4I29-SIZ5C1o_5A,3.8,positive
4k8-O7_KsCZ4I8ltrmeszg,5.0,positive
4lT8Sh13Gze4YzqrjMeieA,1.0,negative
4nmenZEQhryWEGJFt8iKRA,3.0,negative
4o1N_CMDR_jdomMKIGCGxQ,2.0,negative
4ogd5u2JhzgJvsF7TK_CNQ,5.0,negative
4qEixHIdVQmnQVtxEErOxw,5.0,positive
4sTaiQruMMJ_AdpGkxNTIQ,5.0,positive
4snGc57G79_goGso7YL9Zw,2.0,negative
4t55Sb9C0lnsCyuZhjcP0A,3.125,positive
4uN9zJtVKf5BfUt1_vS-ZA,3.0,negative
4wiZUhxmC7W6RHKCY2p6gQ,5.0,positive
4xh2rWLpr9aOW9I8YN4-vQ,5.0,positive
4yihQrVTYRRuRAA4-joVeQ,2.5,negative
5-0yv3wd_8uKZbqdfDlkzw,4.0,positive
52UFHEOg1nuRdHCHZ7zwyA,4.5,negative
57PyRW-iahNX_Ur8icAfxg,3.8,positive
5AHqFPtBw34pUsfq0eiUNA,4.0,positive
5AWyi5ROooZiljEt4wc-cQ,4.0,positive
5AfHTvp-T9JwHBJ1gupJ2A,3.0,negative
5GT0My-tk3Lh1YvYY_cTBw,1.5,negative
5Gx4M2rRQ9wIhw66gNnxzw,3.1538461538461537,positive
5IL7unC2D3G8X7vaIfjfDA,5.0,positive
5JE9sGqhfgzg-6T6g88UzA,4.0,positive
5JXhbynuQUd5kn7gYRLD2g,4.0,positive
5LENR0IthLzoK9vgDvIxqQ,5.0,positive
5MrrXGI_uvtAIkMNejdjIA,5.0,positive
5QSxzXNfLU-y0MQ-WqViYQ,3.484375,positive
5Rl7APJCrpAlaZ-olTwbmA,5.0,positive
5WU5wPtC9DpgwWqkQurAnw,3.7142857142857135,positive
5Z9BWcCSSkqTYivrB0TT1A,3.9117647058823533,positive
5_j0U9nX2619tA9WBYETgg,5.0,positive
5bnD5bKmEyR6OZc5fSiyjA,4.0,negative
5d5KsQZSjd2k7HGxfPhssA,3.0,positive
5dcuntZ15ZEi72eWYRYnfg,5.0,positive
5ex8kJCkvwSnDk_YBPZiMA,1.181818181818182,negative
5f6Om7sRKAWtsdKw4cyfJg,4.333333333333333,negative
5hOAKe2MXiiW5sUnFdsuNQ,5.0,positive
5k8UrBsK-83mav-XcI66Qg,4.0,positive
5nbw6qmb2DHqv7l_1wJpkw,3.75,positive
5oWImQbhTAEWoD6Nhz01iw,5.0,positive
5pPUUnsVe2u3T3a3MCYQxg,4.0,positive
5q-cLosO7SaGaoTjuF92fA,4.0,positive
5qiXi2kNvXlhUZtcUsYiIQ,4.75,positive
5s9ntZVD45n2CxboZnLbSg,4.4848484848484835,positive
5wxhojVIFtOfTS7TOBrQLA,3.6666666666666665,negative
5zACwnsvV_G9XTSsmWsu8A,5.0,positive
61cDVb0Nx6ov_CLWMjWxzA,3.363636363636364,positive
61q-Efp25H4Spyc64ZWbig,5.0,positive
64OV1hQ46XWDflVOPWhUrQ,5.0,negative
66-K1gf6ToEqd_jo5iUvPA,3.97979797979798,positive
67w81wXIS2aRlfviFPlnZQ,3.0,negative
6B_N8zx6PaAu7zCKhYVVLg,3.5,negative
6DlntlLnsPcosfCoyd6T1Q,3.272727272727273,positive
6HxlGhgqNKN-KcoKuGegvA,5.0,positive
6JWDv4Od4LUr4UvbKuai6A,3.5,positive
6KPItRRz_F8kpDnjHlXAtQ,3.0625,negative
6LpFeZ9DTfEJR8_M_EtSwA,3.0,negative
6NEl8sGhKll5UMfYJgkbHw,5.0,negative
6QRmthF8jBUfSMDtx529SA,3.0,negative
6RObl38FhMoUz3N7EUp3LQ,4.0,positive
6TERAgS-B0qwxDT-X6NTdw,5.0,negative
6V-_fOaVf_JKGWxA4PvDDA,3.1,negative
6VbLHREcaWymbKU5ThXaJw,5.0,negative
6XVrXot96T7oRFPFHb4nNA,2.0,negative
6Xbh41PvEtxzibI_FufiWg,2.5,negative
6YF0rFSv9SgLkLAfI_g_dg,4.333333333333333,positive
6_PHtHLhghGESuxTc47SGg,4.75,positive
6bDKfKmmO0WHygRLPSYhKg,1.0,negative
6cEDVFQWyc-vKUu9BkB9BA,3.5,positive
6cmVmhzc8zRg72TtEX_WPQ,3.0,positive
6gAj-qu9O6iO8_JhLVyclw,1.6666666666666667,negative
6gUP88UsbQIYeiHT4HQGAQ,4.333333333333333,negative
6h5fsLQxZFHVtoaYMvUgjw,2.0,positive
6i-c2rhUQasTgHu0f6mAOw,3.0,positive
6jTzrKHZwk9WbGOd3EepJQ,4.0,positive
6tQydtMOQa810aixX5bjSg,2.5,negative
6uHZp2gEACbXPahtjLdibw,5.0,positive
6v0fFTgZgtlgekrCS5rXaw,5.0,negative
6vGS-LUGKJ7_nftp_GSuaA,4.0,positive
6w_woCxEU6JECjr1AimYqQ,5.0,positive
70WOznUwoZAoPKF9AQjlVg,1.0,negative
70iaqce41qW6C_KU-yb4Jw,3.0,negative
745eW4lDLWSCp61z5e0LjQ,5.0,negative
74GJhQVpEYbBHrZ1hK-kag,3.278688524590164,positive
79PQhyLMS3fha-NMeDKbHg,4.0,positive
7AkG2duYnqJPQA6Rgdl6-w,1.0,negative
7DFfcYoO5B3S9nhgxgOHWQ,3.6666666666666665,positive
7DifqTEQZq2UVMPioKU0fw,4.0,positive
7EPdAZM3oRuEqOdmiKsudA,4.0,positive
7Ees_Pd8ehKBMAtFzjPpyQ,3.7439024390243913,positive
7HkdXqAPiujN4CIQvPcw4Q,3.6176470588235294,positive
7JJc3FxIjASbBCqwdUjeRg,4.0,negative
7JmUWo4BDdUm3BQbp3e5tQ,3.2,positive
7JteYLXKP3QHgZ8pu7gfKQ,5.0,negative
7KX0ZvI7j6S3nNMXelrllw,3.6,positive
7MGIJ-_nVHyD3EIRGGlNog,4.5,negative
7NyqiK-2WV4wZ5N7-b4oqg,1.0,negative
7O5kbUUGD8hTODAFUMwRLw,3.1428571428571432,negative
7OdQ5RCym_Vmzz4RKQ92Hg,4.666666666666667,positive
7PF3v2I9FF_ow_mklrEjoQ,3.6666666666666665,positive
7QFwP0fM7jNA7a6ors-egQ,5.0,positive
7QbiMMoxyre9CMC66Y_h0A,3.0,negative
7T_5XiktNAS_YfIgQmZVhQ,4.6875,positive
7UKAxVZZrr0S_SSJOPpcCg,3.333333333333333,positive
7V14X7-6zgaKXIXPOkGrpw,3.5,positive
7WhnBaYxhFoShht14aiWwA,5.0,positive
7YQFD8xt0Vim3G2lkDVDEw,3.0,negative
7a9BG-eTJahBhyhqKqba5w,3.333333333333333,positive
7acqCZbZfoef4BHqPExHtA,3.7142857142857135,positive
7cHaoUstb6ozaYt6dJYYHw,2.0,negative
7dqsx2p9XepsT-vzrumNUg,4.0,positive
7eQfduUHQS24-e8qm4xG5Q,3.0,negative
7eRnlfZnXvsZ3M2NbddDdg,3.0,positive
7elMK1K1_RAYXIrwqr_7fw,1.0,negative
7f8uMBclWJTeFilXcLpYxQ,3.0,positive
7j0YiQZu-eQBoFgFnCzLDQ,4.666666666666667,negative
7nKa_g-y3VqoyuBP2bHahA,3.0,negative
7oOLIcZ2EW_eendvv5bwuA,2.5,negative
7t91PqHRTp-bIvhUqtfGrw,2.5,negative
7tSYZrg-1hcOEBX7LYZfbw,5.0,positive
7tWRpnfuqXRnG9m6oU2CSw,2.833333333333333,negative
7ta8vOMX7bvuQCtioRHuIA,4.035714285714286,positive
7xpf5VhK73NN3gcb4gbMCA,3.5354330708661417,positive
7y0PNSJwGNuwDq7iPjjBBw,3.333333333333333,negative
7zXVHfCWPnoAgU2pEbaazQ,3.7692307692307687,positive
8-_t8OMafccw4uzFq6ltfQ,1.0,negative
805Eet98d1iYxSUIpqnYbA,4.0,positive
80M6LKNBX8l34n-UeueZ8w,3.1666666666666665,negative
825fYVYc196vM4V3XQbXSA,5.0,negative
83ybpCKUqLTVjSbfpPq-dQ,5.0,negative
84uHsT47dc-nKnlsT3YAzA,5.0,positive
86ujmqHxC3u-jrXxg9ePwg,5.0,positive
87NieBdwm_Z2rQuChErmbQ,1.0,negative
87zNcTQbHJ43C5YOkYQeSw,5.0,positive
891gUiFELRryVB_j97cr4Q,5.0,negative
8BXbNpuPz_WR92_LE8V8kQ,4.4,positive
8C7chv8xmQklcl-7okaN8w,2.75,negative
8ENIpQXOYBrV7mAhP8rCYA,4.5,negative
8FHG3LVCCwCQuD95WSNrCw,3.0,positive
8HKsbnZ231AcgDKH6ZQKtg,3.5517241379310347,positive
8KYXbJHqrlpHIcB1JWkljg,4.0,positive
8Khhqj5KQrlUrH1_3jD_3w,5.0,negative
8Nprgtjrb56b69W10bs4MQ,3.0,negative
8Pgml94L3h-_SKq1quxdcw,2.0476190476190474,negative
8S-ZArRn-2ppHxQUZtq_0w,2.833333333333333,negative
8TDj7HZT-yEovugPgOFUYg,5.0,negative
8WAT1ttmwJRZG3KQuv7FKQ,1.4,negative
8aOXUV6gzjvoPoqYpvnKKw,3.0,positive
8abTVgcVxYL8jrDfqxXvAA,3.2222222222222223,positive
8cPOGkYpvg1-u1gBN85khg,3.8,positive
8cuL_nyzLAU4gQYHjomO_Q,3.5,positive
8dtiiOaVA9tCyd3nL6G5Dw,4.0,positive
8eOkjYj7qvswGQMQiUQw6w,4.5,positive
8eW79e-GQYMtSbWIUHMq-w,5.0,negative
8haIm79n-iHKyOevxfBejA,1.0,negative
8iUeKAAImz36gre89sCxkw,5.0,positive
8jQMdOnX8ACRbMwJbSoXAg,5.0,positive
8kSbc9R-X1syG90E1eu8JA,5.0,positive
8p2TNg1jXZ26jOTbYa8OjA,3.421052631578948,positive
8q7QJz5JHkdwwSNNCJ2wAg,5.0,positive
8qzvBdw36Yse48BJFXe7fg,3.0384615384615383,negative
8u3CpsSHQD3ek3rwLVi5eA,3.0,negative
8unbzoMwSb-Quu27qMOvfQ,1.0,positive
8vIm1ew3JMD_duXa9tP-Dg,2.0,negative
8x4UAc6VKtXoKi6ta3G_xA,5.0,positive
8xGzvcmrZ5EJBOKylpsslw,1.0,negative
8z4pkwkjYh1J6EQz1iULVA,3.3720930232558137,positive
90asHUAxcCffrGeQiase4Q,5.0,negative
92mM32eP2qYM8y2jRZCWOg,5.0,positive
9BjukqFI9B9zVZxXXHz4qA,4.0,positive
9BzX8uv427cJmyAnLxwIHA,4.0,negative
9GdFbohrbQqMCDWxVjtocg,2.25,negative
9Gsa_b43Qh-qDysVRo0rWQ,5.0,positive
9H3Udc6CHiPEwZlKfi0oQw,1.0,negative
9HT6DKLyW8oT02C1oa3iFQ,1.0,negative
9I-yCF4DJiGzt0NKvweREA,3.4838709677419355,positive
9IHXW2vB6KzGJFsKTLmdBg,4.0,positive
9LaA6_oGpgHCJWhlAkbnIw,3.493333333333333,negative
9MOI2_Pbjv2F3JlN7qWjZQ,5.0,negative
9ONbcN5_q9ZDm6NbWhPaTg,3.6666666666666665,negative
9VD-gk03Y8qVzHk-nD_okA,5.0,positive
9WKxCeM-I9S3alAqiluuOg,5.0,positive
9YbKIecs-KygRtRtDW7rBw,3.6666666666666665,positive
9YnVF13uevZvUO_kFCTKpQ,5.0,positive
9aNhmG7vomv0uIgbbnvHJg,4.333333333333333,positive
9eOL3a9QfKKyMmi0at73lQ,3.7142857142857135,negative
9htt8fKKKG07eBPszNMg4A,3.918367346938776,positive
9iUP4RolI-vmHLImZIvcGQ,3.0,negative
9mXXLyWZHB6GrXP02rjImw,4.045454545454546,positive
9oDWR41ZeUFAvOWCiEglCQ,1.5,negative
9qjhVmuL-fMLnf0Y0u3r_Q,5.0,positive
9w3eu3ra1HPLz_8REiFjNw,2.0,positive
9zFTM8ZCFAyYIcF6zEiA9w,5.0,positive
A1JZZ8F5hg6F0cGsxIXipg,3.1728395061728394,positive
A48lL3cEF1q8tz5STNvH2w,3.0,positive
A5K2m7FwuUU27lHyAwjGXA,4.236363636363636,positive
A9tAJqtGcIhmT7mz4hmGmQ,3.5,negative
A9wblr25wvwG_KYBdR9Xtg,3.5,positive
ABV1Ow2DMdBZAHVz5RrcOw,5.0,positive
AC6Ih0RX3CrhSfpGDRYV-A,1.5,negative
ADvyx_tqnESKuKEfowgzyg,3.1666666666666665,negative
AEE88otvh7TEo0v-JuAhtg,3.625,positive
AJc7NES7-nHIkyfS7HN5Jw,5.0,positive
AKDAaTltww4U-GYY_WaQ6g,5.0,positive
ALKBiAyUhOsyZL1_o1nEEg,4.0,positive
AN6mxfLVu4_Juc-75_O55A,4.0,positive
ANuM4Ymv6mRmfNwnkDVL5A,3.0,positive
AO83FW-KEkwzxC0YcvGO1w,3.733333333333333,positive
AOQCDXY5KOkPd9-OCYgrug,4.0,negative
AS8V9HVQ-DhTomXCKPMWfw,5.0,negative
ATIGFlDUYo9QRruh-o8GIw,5.0,negative
ATzRpvcNVnIKUOfoXkX2Fw,4.0,positive
AY--QU6jfbG89V-4M6hzxg,2.0,negative
AYdOe36tYzKHglzisR88Qw,2.6666666666666665,negative
AaVl-ga8xOWAUCDGSYjdgA,3.5294117647058822,positive
AaitOffa8IQQPjiOvKzjBA,5.0,negative
Aatx2OTJh2XFWcnNP0LQ1A,2.0,negative
Abdu_0BgWWNtXSa1IXEGjw,5.0,positive
Ac62XmrbvgRkS_FIa_C-Dg,3.1428571428571432,negative
Ac6XpH8gKVuQs0VXh_BZIQ,5.0,positive
Ad46pgx55ijgn-JsJs8MFg,5.0,negative
AgN30Sf7VIRuicScI7Vc9A,3.5,positive
AhO_v_j3bRcSYu2KwmfEtA,1.0,positive
AjixnGg8zNKIPdWuwJAJKw,3.466666666666667,positive
Ak-f3cW7ItymqNj2MAlWCA,1.875,negative
AkcZ1fUyB3RocKLYGFu20Q,4.680473372781066,positive
AkgXz0d5vVhdEOk5PAcZoA,2.0,negative
Aq3ED5k8GzRyNELKBI85nA,2.6666666666666665,negative
ArT0vbIky7FvWFpPoIerEw,3.397058823529412,positive
AwvUAybgcaxjmy5GeYSvMQ,3.0,positive
Ay1HGCfMznzki1Xg1IePLA,3.6875,negative
B2Wgw3j602wu9o1bbdXQNg,2.0,negative
B38i592DxtgqOC3-n7bP1A,3.696969696969697,negative
B7KHPOGd7bKtZUXzTS8kKg,4.4324324324324325,positive
B8scdkaVSwnWeqORgLPhVA,4.0,positive
B969YTWurpHafrUMazMZxw,4.0,positive
B9XfSKJ3vwbFwn8IxUJccg,4.5,positive
BDi1mFX4KjH0fWqpMfcW2Q,4.0,negative
BEB7eYric_ab6KVGseD1WA,2.421052631578948,negative
BHSJyn_HnqbT5NCzI6Y5ew,3.0,positive
BIIePPIF4qMsTfgj5uaG5Q,3.49,positive
BJF03kYukVqSD_Q6YalIIA,3.2857142857142856,negative
BPg56t_UUCjZCK6i0o6xkQ,3.267676767676768,negative
BX6cBHdGLa_1N_9yk-A1Kg,1.0,positive
BY4BLBqjvnmxOzCq7HubNA,3.8,positive
BYleLXJjgftdVjcLC7R7Ag,5.0,positive
BZMOr8NccKwm8SoOEKhuNQ,3.0,negative
BZ_M2gUQcq1AICzAIPPHJw,5.0,positive
BZaQ8TlSIc4NWF1wPdBL6w,5.0,negative
B_tlw2aouzdioOGdV-amCQ,1.0,negative
Bbdv_Y4ZuvdTJ4Qfj1F2Pg,5.0,positive
BfQXFqVAeI8mI1YkJCDC1A,4.0,negative
BgafIDKCk2FBjhmNozYm0A,3.0,negative
BhPhzVeLpBQrTIxb9pW_Aw,3.6666666666666665,negative
BhQY0rXqmEAuHmOpFZvBZQ,1.0,negative
BhnzQNznnPmeqRJWvWfT-A,5.0,negative
BiI6_yFzsFySUu44kuo_DQ,3.0,positive
BjZ1dWcQOt7w7BsMszxKHA,4.461538461538462,positive
BnbURZypzVDFe3abss6nMw,1.0,positive
BoN3cdveQRdz3PCP4bv-jg,3.0,negative
Bpf0-FR1AW1krzAxAt3C6Q,4.666666666666667,positive
BphyZ09tuDuJ7TPr1syPhQ,4.0,positive
BrE1-B0e-XEk82MCxtcKkA,5.0,positive
BsAVSCMwnW8zUvQlq5DcJg,2.5,positive
BsIAGj_TSBotch0F_k6bew,4.85,positive
Bsxv6Z8mc6cASwHewdHAUQ,4.65,positive
Bt8bjIfRqajkZpOD35lHuA,3.5882352941176467,negative
BtK23w89ajCU2KL48aYlCA,5.0,positive
BwOxNRVh3HiQp1dQhw4TrQ,2.25,negative
Bxv1U36_1V7_ijHA-20j2g,3.333333333333333,positive
C0NKUdF2dCfWeT_tPkz8OA,1.0,negative
C0f9XbpFuvp_Uz-YwV1NFA,5.0,negative
C1UU0TC9SFJxO4nJJG1kRQ,5.0,positive
C4X3wf4H_UGReOMcq1NwcA,4.0,negative
C4vOSg6AWI5PpTlbYViSYg,4.4444444444444455,positive
C7x4BDnSqkVYYVUA2AjzwQ,2.0,positive
C8ycApy8b6BvJh39zMZDPA,4.0,negative
CAzG37-2AKQ2It-zbPcT9g,4.0,negative
CBnS3K69RWfzyaOsPB0SOw,1.0,negative
CCFA0feECh-fTCQryh9EdA,4.2,negative
CD1bPdi4lLr8gHEdqEfwWA,5.0,positive
CGEuI2AOrlm7uGf9XSTh3g,1.5,negative
CH3fWCUpdGXcvI-LLB_oBQ,5.0,positive
CIdNaZgNsZN-NYDNgkTO_A,3.5,negative
CK531JtKB8BUIzzLDAgoWA,4.0,positive
CKWbKygeCD4vbGQRd_xrhg,4.0,negative
CKkPrpWjk4UCmPd8--gJhA,1.0,negative
CLsuTWOWHzs4ws4NDr558A,3.0,positive
CMWLbsd_KKKJAQDIYUw5kg,2.0,positive
CScWfx3gma8qdR0UrmWsBg,3.5,negative
CXWcgEmNQ1zSjiIU9--HOw,5.0,positive
C_DfZrAzebMCQOvl7Ajn0w,1.0,negative
CbmDIicYRO-Ah9YqcMTq7g,3.0,positive
CcF74rXy_MckEcC0oXS_tA,4.538461538461538,negative
CfOzZD-lrb6YLN9aKUXhCA,3.6666666666666665,positive
Cgp5TC32OpO9Vg3Ak0vnrg,2.523809523809524,negative
ChtaxiC3WKWc-JIXi2Yjcw,5.0,positive
CiqJMX0NPdu5CGZxoq9fmw,5.0,negative
CjpNrMCMOvUOnLhRnCCBcg,4.5,negative
CkBkSh2KdwQhkEeIEQKv_w,3.5,positive
ClGCvFjdyzSr0L91NBaEtQ,4.0,positive
CldLKPhVsZfnRiHndJOxsQ,3.4,positive
Cm7HjxpmX61s4fV3QaH8bw,3.1428571428571432,positive
CmZPl1DVLHu7r4wvBaskCA,5.0,negative
CorBi-hFpMlxjZagwzHJAw,5.0,positive
CrgpT9xXUXs7qE_ZnnD5gw,5.0,negative
CsDmMv1n9_roBhGmRvk02A,2.88,negative
Cuef-qgUs4DB9tKwmynpPQ,2.0,positive
CwM3eaZupulhLZzmXqUvKA,2.0,positive
CwPi6NVuJIZZx4IBcTekFQ,3.692470837751856,positive
Cxn49EZeLTLhyv5BeaHcNA,2.9,negative
D0BKmF373uEMzVN8up9wAg,3.7142857142857135,positive
D1JmJXybk0GWD9c1f8SSkA,3.0,positive
D3tzOb9LneB10eNNooZyBg,2.25,negative
D4FI8Wzju2fKrdfXnseFGw,3.5,negative
D4tTwfLqr1un9nlcnKELbQ,5.0,negative
D6JiMjwm4P1Lry2t_PStRA,5.0,positive
D6MWQfG-roA9XOJzZpeSzQ,2.6666666666666665,negative
D6S4CAsbUuxXC90_gm22RQ,3.6,negative
D6ab-U1SPsNat9XL8j5RJA,3.75,negative
D9tRmqYH5zT6qf_lYHna9Q,3.5,negative
D9xDOMt3bo0InsJuUHBQEQ,3.0,negative
DDMczEYz7dUhGzADHi-RdQ,5.0,positive
DEoGiMFuD8c97CRAKqpL0w,5.0,negative
DF7-E4c3sDhqLJ16uUBTTw,3.5774647887323945,positive
DGd2OyZ-6PBQ6Dyhx1YvLw,5.0,positive
DGwbgm5zfEJZ2UGCahkUtg,4.8,positive
DIrSWKoUA-Wut3FbmBWOkA,4.0,positive
DJF60pJfykZCtK0Vj_poaA,4.0,positive
DJnCi-19Hr5MqdmDmfD9MQ,2.333333333333333,positive
DKSWVfRfUav824YuIEfFnw,3.75,positive
DM9ohBqvNJIIWKEs6OZiAw,4.769230769230768,positive
DMPReB9BRW6GCS9sDMql_Q,4.729729729729731,positive
DNTObJfENaR9cZTQEUVn_g,3.9166666666666665,negative
DNy0sRymG0_nN-9KjU2FFQ,3.2307692307692313,positive
DRieUeenzl92TSycW4MaEw,4.0,positive
DWRJ-OU-t1Gi1hebNBKMHA,1.5,negative
DWmW-2mJGFcushuRM1jQVg,3.333333333333333,negative
DYYiDNJg7rQrX01QmU3WKA,5.0,positive
DYs1U5lXggLCzEzSX5bsVw,2.0,negative
DZ5avkJwD5_e6Gm2PYHXmw,5.0,positive
DZhzxc_NReUEnVx0fz_iuw,3.952380952380953,positive
D_BsoId1GANxzpr5Ly6HuQ,4.0,negative
DakpzC-BIf4Q4tOvUPXBxQ,5.0,negative
DiuV7R5Eg0qKdRp8JrnXGg,4.75,positive
DuMmceW2bXosAevlUMOV_A,3.1666666666666665,negative
DwugY6shrqmzAe4NGgjDyA,4.5769230769230775,positive
DxcTQUoY5ue-Q0B9zBDpgQ,1.0,negative
DxpU79j-eNj9zlHNGn6vcQ,4.633333333333334,positive
DyYDnfJtcXz-y6SutmwgAA,3.0,negative
E-9xOANl4ZXBKhGBFCNS_g,3.8947368421052633,positive
E6ub9_cNXgeBq3tdNCxjTA,1.0,negative
E74hFspKIcrcneV_VUP9NA,4.666666666666667,positive
E7qqDy6RFXr34YR5QFPRNQ,1.75,negative
E9qgo0AI-MP1iRPq2xPGGA,5.0,positive
EAN6sG5tNV8JXab_KgO4pg,4.0,negative
EE0vItfhQAnVSzQEHeoIxw,4.0,positive
EIaNN8vE9IAv_J1o3avJXA,4.333333333333333,positive
ELAeo_uNylQppUm5BDplVw,3.6788990825688073,positive
ENfiSGbuKEI0UUKPWPJqtQ,4.2631578947368425,positive
EQAXt0ylHgZ4K9gy-ECxRA,2.0,negative
ERpI_pVlfwFK7qtHIu9XHQ,5.0,positive
ESyDB2ssOvHzMpALZlziiw,3.4,positive
ET7tYrUYnnjvDEq7Y293TA,4.111111111111111,positive
EUKauPI5hYOJ0J-2DB-C5Q,3.0,negative
EVfDdnzukMsSnPxD4gFKWQ,3.0,negative
EViM8bvKUwkByw3vRi84DQ,1.0,negative
EWEq3kJkBBbttckov6A2VA,3.272727272727273,positive
EZvf5KzJtpxYp4LTG2HIMA,5.0,positive
E_omJuxH8jSr1ugyifeYzw,2.0,negative
EaMEbIx-DTeqnByZI73mMQ,1.0,positive
EcV-fa2APc8liAF-3CAAIQ,1.0,negative
EgtgJAvBDgbo9i-AYqgDsg,2.0,negative
EjcKN0VOdlzK0tyDWQRDdw,3.8571428571428568,positive
Ek6Na6DAWd5HM6hZFjoZhA,2.8,positive
EmR7qNfeWgsOYhrKxPx0Tg,5.0,negative
En7wH6QM_qpJJUsn6TeuTg,3.8181818181818175,positive
EqOOUzDVHTh6ALj9hnuqZA,2.6666666666666665,negative
EqUoJMUUcfTqFf0-FSp5zA,2.5,negative
EsBZdYKI2zfe6c6RWvWWjA,3.333333333333333,negative
EuavJJCwwYlgV8e8dTAQHw,5.0,positive
EvfP5f3QlTD5sOT00msKhg,4.666666666666667,positive
ExMjZMbyQv8My8eWR-0L9Q,5.0,positive
Ey66ARHTBSJTQ_Icx3MgLQ,4.0,positive
EyDdyspeR0nryPfwi4Lgrw,4.0,positive
F1w3zyLaLynT1pPf0n-jsA,4.5,positive
F3wOjMvyIyb6Q5LQTzmHiA,2.0,positive
F73xWeDRwTl7HnyTt-4Ssw,2.94,negative
F92P3lXhbnKxJkZma8BU9Q,3.75,positive
FCtwcukjwJXhVcF_8ARmjg,4.75,positive
FJCzJIl-Z8BIOFN4tO2U5A,4.0,positive
FLpRT64OLTu8TiD_-m9q5w,1.0,negative
FLwOlXqp5kvwnii3UQ2rLg,3.0,negative
FMwj-CNNLCgJr39nUjNqrw,3.75,positive
FRtIYVMJemHI1dEozthimQ,4.363636363636363,positive
FSPnOeRkCua_iVdxevAzzA,3.556962025316456,positive
FSyTdSzTLQQzvg6R98kcUg,1.0,negative
FT66YEeh10BGF-8okXS20w,4.0,positive
Fao7_Ku8gO71jzDdYJEZmg,5.0,positive
FbkdLXAfRd-c_G0XF5ZHIA,5.0,negative
Fd0boo2NJM7W3d4GbjeiuA,3.0,negative
FdPEvTeRSQ_ybYaO-zAutA,4.666666666666667,positive
FdvDkic01XqyXwEJkC8tBg,3.6666666666666665,positive
Fe8sXmiAlZYJa2JVoDfFHg,5.0,negative
FeLsm81BBh5hc_60nL6j0A,2.0,negative
Fgl04axrbbbEe3ckVx0FVg,3.1666666666666665,positive
Fgl6UGBOuVnA-JJ4z06CKQ,4.0,positive
Fgr_vkAk87ZXvMPZiVT-4g,3.6666666666666665,negative
Fi3Q-cQgYNKQ2MU5ghw2kQ,2.0,negative
FiXyTC-66csEnwNV_pd2dQ,3.5,negative
FkaJ2slX0XtGJ3UB3F6Olg,5.0,negative
FkqjpnGp3zz1DWSJ1J3Rtw,1.0,negative
Fm9taVa8HJIwCH1LuWNhGw,2.0,negative
Fo9xKM932V5KKr4Ss1EbJQ,3.8,positive
Fos7JzYR5NkRMf1EdzK0eA,4.764705882352942,positive
FpKLhdfhseoz9-opJZqqow,4.0,negative
FpUWl1hCxH-Go_J67Z_TIA,5.0,positive
FqYdC0xCTl6dKFWcn3yrtQ,3.75,positive
FtHEH8uAV3AQBoHwUw-HfA,3.2222222222222223,positive
FvY2gBs_8FsEVbl-zUFkDA,2.8571428571428568,positive
FvyAJUEPSBtXYLYeHsrcng,3.0,negative
FybqNCHWGhvc3s4i4jUh7g,4.5,positive
FzSU6hSnmw9EIGZVhc7gLw,3.0,positive
G2NgTsL7YNUVROE0SHLdeA,3.6,positive
G2pLMfDJEx_Vf6eSwTKPnQ,5.0,positive
G3hvqrDo_Sdq5mrJeiSIaw,4.0,negative
G4OqlW6t0NDKPSSYPYdR9g,4.0,positive
G5-HZQ4xS9ytCq74iNb0DQ,5.0,positive
G6SOtbB7mk_3ePBCquzqiQ,4.833333333333333,positive
GBapY3XLkXF4Fy3MinUaRw,1.0,negative
GCBnAGTdQdHXuVfXpmAQXQ,3.0,negative
GFPK6CK7PMnpgIRbQqJanw,3.1428571428571432,negative
GHGpU0tyI6dXGnwtiv4Cnw,4.0,positive
GHK0kh__Y9RXF3yfzXN1TA,3.555555555555556,negative
GHNQCN1t7TONRNLhB2XBZw,2.142857142857143,negative
GJcVSVrqllB6EGOP2Q0y9A,3.0,positive
GLNu0E1YjgTi2B5tp_uxNg,5.0,negative
GMAiETrL5SqDKpU21dmDWw,3.0,negative
GPObp3UxGcrQEhGHZKzwtw,5.0,negative
GPdbhW48nofVP492dtmJdw,4.526315789473684,positive
GQD7PdHUVyIyMy4MSOC1sQ,5.0,positive
GQQyDwC9yeD4raknWhzWnQ,5.0,negative
GUpfSp6V89v7nPE_332FhQ,4.5,positive
GWLEubx9VPoS44Dfjsae2Q,5.0,positive
GZdevx3pW3QFRgIZm-KtUA,3.5063291139240507,positive
G_gO10LAC2WzkbWkX_8q8g,4.625,positive
G_lyfDU_YAAzGAqWQoP-HQ,4.333333333333333,positive
GbeOhvT5BDm0Pdpz4gO_ug,2.5,positive
Gc57b2kBfxm-SlOoaMPWPw,1.0,negative
GctlGzQQ6LTCvwR5nZAwdQ,3.0,negative
GenuE1EFKycx40hPOwIcVg,4.0,negative
GiiTjlRjnoa79joXrlZO9A,4.333333333333333,negative
Gk2hQCxbreBH9v8Quv0hew,4.5,negative
GkPTDjjVRMj1G8-BJkS1Ng,3.7058823529411766,positive
GtAvO4mAIiPGnMRuX-TAVQ,4.0,negative
Gua4OrHjnnYaMFDgvmIt7w,3.5,positive
Gvvzabgu0437UkJST3LLHg,3.0,negative
GwQ0WYheEhskGFdSBnb3YQ,5.0,negative
Gx2i1Bo3L_oLdofifPIaXA,2.893333333333333,negative
GyFaBNaDsEPA2tgWwy6o4Q,5.0,positive
Gzl_TZxhFzbIWzHUMe-CXw,4.0,positive
H1M_FSQttQJvmQ3GTyCBNw,3.1578947368421053,negative
H1pVyEGcgIykZuGZJ8OAgA,5.0,positive
H33CtHCGvJm4Zz61WRzEow,5.0,positive
HAi3k9o9P6yOwGGuulHEHw,4.5,negative
HBDov8XkKrjHnLp97vKbrA,1.0,negative
HBvhP7k4EGfTcI88Wg3DXQ,3.727272727272727,negative
HDPvTnor09K7poNFg0cKqw,2.0,negative
HDfnZVfAzdZ3_B9iRrDRAg,1.0,negative
HGlmjnyrFHxacm_gK5nzVg,5.0,positive
HIHnt6VYFDJk5evyf9SGyA,3.4406779661016946,negative
HJ8gIP4jlcjrSLKTkZbohw,4.130434782608695,positive
HK17waspj4xzdiRrWTEUTg,2.7777777777777777,negative
HLxEGFpZpUZteStzmaigkw,2.53125,negative
HRvdo6JwN-f1Kzwuqla0hA,2.5,negative
HScVzkwJe__QWDaoU_Q7dQ,5.0,negative
HSoa0_zcR1Ek8HAcwdJNDw,3.0,negative
HTBxJPblBauNNCm_qSQjSQ,4.5,positive
HTOFpNfbmrL1AqdzlOvB1w,2.6,positive
HUCP75ndJsQ-uFuetNG8VA,2.5,negative
HUhWYvgTr3hQf5vqlW8jjQ,4.333333333333333,positive
HVjgUltrMLAivfhLhcPHhA,3.0,negative
HVvqSK8R8McWDESQodLrdw,3.875,positive
HWn961vB3Unnsl9hgoVElg,5.0,negative
HXBtBOCNIM-0VK9zMqjYwg,3.2093023255813957,negative
HXilNqjuyFK_nbHetZObNA,3.8333333333333335,negative
HZ2xXev9WCgPpsv5fd1Qcw,2.4444444444444446,negative
HZiviYm5cxWql1glfKMz3w,2.6666666666666665,positive
H_253MJ9O_3QFInYPVWA6g,3.1538461538461537,negative
HbZM4AiFef0Qd875QsVIaw,4.201834862385321,positive
HcEGOAVr7NtSZxzzoIbDyA,4.304347826086956,negative
HeAzjvJwVzt_5SjUyHnTwg,1.0,negative
Heka6aufwZgNmtKG-zrnfA,5.0,negative
HgB_Mq3LN5y6TDRgV7ApYg,3.0,negative
Hi9Ti19JIio4IjZKxdBZIw,4.5,positive
Hih9Wob755IDEQLGs1uzdA,1.0,negative
Hk43wVeN9CCjKtTAJhT4oA,2.9285714285714284,negative
Ho9LOYC2W5qpP0uIp7DmQg,4.0,negative
HpBixiUl3JSlUc-SI_ZzIQ,4.666666666666667,positive
Hq5jguzM3mULQJlebVulCQ,5.0,positive
HqZ_5ZOOkhsTVHLBAmYy1w,4.0,positive
Hr2Mi3E4zk8wajxB2L-dcQ,3.5,negative
Hr7CPMigyfXS39whVOtyXw,4.0,positive
HsZ4FNQ1o53uDCC1dGu8iw,4.0,negative
HwJ3e7RdBGldcUs_qQzkyw,3.0,negative
HyAf-KxhUbaY8Izl3CdD9Q,5.0,negative
HyodqVykvcnp1-DIoq0CWg,4.0,negative
I3OB8R8TtN3dvNoxFUp1jw,1.0,positive
I3i279yB1x948IYdwxJqnQ,4.0,positive
I42J57kHMtS-2fzuUZP5Hg,4.0,negative
I52XuZYccQCChmLOxYFyWA,1.0,negative
I5HsGfTzCzyKHP6XL_Dkbw,3.5185185185185186,positive
I6aGUbZR5-umEVuBNSqp3g,3.0882352941176467,negative
I6fNJOS2Sa2QhSPjH1wSVg,3.928571428571429,negative
I7ByrR9WyNO6U1GQR0dmYg,5.0,positive
I9-odfGhqygS_wRZH6Qvcg,2.888888888888889,positive
IBBvHxdSd5OYoPruY0UfOg,3.0,negative
ICmQaht6pCSQ_Iky3arQpA,3.0,positive
IDB9V999irLZFxqz43bMAQ,5.0,positive
IDSJvCnDS0T6164B95PUog,1.0,negative
IEUWh2gAPOjXXGZgXDwkSg,3.625,positive
IFEFdmt6B6lvnFXHRNStow,2.0,positive
IFrmf-ip4I5U0DjuRQqupw,2.7,negative
IIFBHW_U75_o-X2phRUCNw,1.4166666666666667,negative
IIvLShjyP6F-DYJ8QAcrZA,3.8260869565217392,positive
IK8jWUpshpSSiBrOjJC-Ag,5.0,positive
INXUGIdFAvzpGKqpX9jXVQ,5.0,positive
IPP2ws0gZRGh52jcJsCKLg,2.6,negative
IPPbv5-fyX-BvOC2je9KLQ,5.0,positive
IQSdTSf_lYqapnW9LXaI0Q,3.36,positive
IQhWLNlHEaTc6-oLR0zRTw,5.0,positive
IQoKEl0IXf-mD6xAl6gbng,5.0,negative
IS8V9ivSWrmTm8wU-QS0Jg,4.230769230769232,positive
ITK4GhjAuzeJAB8RXedQGg,3.0,positive
IUXMbGy7VNZI35co_OZcwQ,3.0,negative
IWLGlIrX8UjiRzlwqCCc7Q,4.0,positive
IY2zuBkaIXlpoIzgWYmzFg,1.5,negative
IYQaGmaV6wIxm3DNu8EL0g,4.16,positive
IZfiCBUGL0h32C9wLmK2iQ,2.9230769230769234,positive
Ic36DStkboIcukk8rw3isA,4.428571428571429,positive
Ih_gfTmnqf_Rl3Yzr0sJAQ,3.375,negative
IoY7yWBXXpK-547-mh2QMA,2.6,positive
IpMo9U-WcRbCAxJRG5LRnA,3.4,positive
IsBTQFQxzNQPRdti4JZLoA,5.0,positive
IvLSbW_4Cu2ngDcw2Aau3w,2.8571428571428568,negative
IvaQMka1Sd_m1JnzL-Je0g,4.5,negative
IwMFYvd_LYY8DH5s_goRKg,3.0,positive
IwjqbOHroTGIf84Fr9Uxzg,5.0,negative
IxuduyUqSXweO__NsrcakA,2.0,negative
Iy3EWJcV-OXsg0NqkJlG6w,2.0,negative
IzfrEfTilj20WeVW2v6cTA,4.0,positive
J-i3frdwkM0prRxH98Zp2Q,4.190476190476192,positive
J0DmCPu8iXEyHFwt2pE7ew,5.0,positive
J1JJT2MH1eI3P9XMJpT8DQ,3.571428571428572,positive
J2CPX8WkSvHFxiLHqzXwvw,4.5,positive
J4uI8m5S1Po832OYm9WOsg,3.5,negative
J7kQCckuw2rBfTq6GuU29g,2.4,negative
JA8YIVhxa5w8nnIolhHQCQ,4.875,negative
JCndUTmkHeNzi5j7ylVKAQ,3.5,negative
JCtMTpiHSexXQzFbBzaBXA,5.0,positive
JE5KJQAdPCdtej9725WUDg,5.0,positive
JEAl7tmxI2St0xY-3gC-4Q,4.0,negative
JF1adUKdsNebw6-8MABATg,3.608695652173913,positive
JFFgxyblHOKbiMgaVSl1Rg,5.0,positive
JFRHUluXX2a2JJAcuGjo8A,3.333333333333333,positive
JIcqLc42jiiF5DDj1Bbhtg,3.75,negative
JJ1yyOKfdF1H5IVUAUL5oA,5.0,positive
JMTpfr5ID-jO1PUIFWJPYA,3.0,positive
JPEoaXlg-f9eVbxQ9BVNrQ,4.5,positive
JPandDiT-oIJ9wsun8K9Og,5.0,positive
JXH9qzmaVlzql48kIVucbw,2.6666666666666665,negative
JYdgrTSiQepi_YqLx__0qA,4.235294117647058,positive
J_Bj4er_CiQPZ3hd4b-CHQ,5.0,negative
JbjSNHIcObEFmTSAdfoacw,5.0,positive
JdWKoJqJ-oXhMFkCJ_HvOw,2.4,negative
Je6lscSmqLp29IC4AyYiCg,3.4444444444444446,positive
JffypxMz3Fqs82zmhfRlHQ,4.333333333333333,negative
JghGUoSNrKvvilvA1x5LEw,5.0,positive
Jgi1sV60-L1-UWXcUmoJAg,4.34375,positive
JiiSJzEBK4J16aumI0r1JQ,5.0,negative
JntMBuVk3FmZGH7qPB5d4w,2.9354838709677415,positive
JoK2Kh99t8HBoiiu7ufrsw,1.0,negative
JoRZpU0sP9PBqjr77bS52A,2.0,positive
JpiEm9aCfV7owN3cz9VsYw,1.0,negative
JvQLQF7tMUYhI6oRJFB0xg,1.0,negative
JvVLk1UAUjQipm5VL4Pv0w,5.0,negative
JwSpQgmLK-hHb6lNX_WtQQ,2.1666666666666665,negative
Jw_CkW3EErBDkoGG8_10VQ,4.0,positive
JwnXfTcwyIskzBqAsFI0JQ,3.5,negative
JxQb5yNjzXFCUGbNfPODAQ,4.0,positive
JzHbxRPZoE4n1Qq8yNU2ag,2.333333333333333,negative
Jzt4-3tp0jOgpBcHoFzoaQ,2.142857142857143,negative
K1oPjrLkWMxYNDNR-Zh7IQ,3.0,negative
KIku0VNJzrrzCiSCTBBNHg,5.0,positive
KK1QZ6t4d1nQmikfUR_dwA,1.0,negative
KKY9Gtv0DMVUOh6rCg7LhQ,5.0,positive
KMzNy0ziNGDUSAschTXB9Q,1.0,negative
KPLfcDsc41q8OuuH4Ztq4w,2.0,positive
KWo9yASXYlUveU1gcgpkyQ,5.0,positive
K_7Y7R3P-cO72vaAvTWdKA,2.0,negative
K_O65mv_gdgh9U4M6S7ovg,4.5,negative
Karumj1DrAOMxJ7E5zW02w,1.0,positive
KbZ9cSMoAIsTWASs6m5mJw,3.8,positive
Kc77QYobsr1E4Wc3UOTfBA,4.4,positive
KdTYm6S6PyIIEfYHHONZkw,3.5614035087719302,negative
Kj7ewmS4epCpobQlvQJIuA,5.0,positive
KkzsRED5K04JLpu7HsLqRg,4.0,negative
KoTXswYJEnuCBi6cKmH0sw,2.0,positive
Ks02TLl-OxNqisQdobQo6Q,4.0,positive
KszL5_RXtkgdLY72me-MdQ,1.0,negative
Kth7c0KJwvjMTMtZK-5bqg,5.0,negative
KtnnU3K3pdTRrvJlt6yPEg,5.0,positive
Kv0Vj0v29IbBETETKB1xGA,1.0,positive
Kvr-pWphDCPOXuFA-eKOrg,3.0,positive
KzKScdvBUFJBapx7myC5sw,5.0,negative
KzsssD0-MXw6vEigm7LHFA,5.0,negative
L-u-0KVkl8KiK8IwhmejKw,3.6666666666666665,positive
L0KwVaOFjEP5u9rZ3HcqhQ,1.0,negative
L2tydki-ctG2D8CW6cIjXQ,3.1666666666666665,negative
L4dd1ctVWhWKOQ8AV0PLOA,5.0,negative
L6JrdlwQuef0PBehsLeSLQ,5.0,positive
L8WtXaZr2EBLUwIJ9zyqUQ,3.375,positive
LAGftlwqIkRYVRtx_81MOg,3.5,negative
LAzr8BZxZFZf5XbfxDi4SQ,4.0,negative
LCpwfdf5_kvl36SkZMgAiA,2.6666666666666665,negative
LDygC35HK-fiRf88o8N6wA,4.0,positive
LE8HOoyEohhOqXUrO7ZIgw,5.0,positive
LHmZaK8MIGmAvvhb16XUXA,4.5,positive
LHpygzroItKWRslDr-e4-g,3.5,positive
LIqtebBW3kVJNzZp6Amozw,4.0,positive
LJ4YcF-wRkWpj2g9YbCCdw,5.0,negative
LJmpAdStpM_8qXVPJAg0Gw,3.0,positive
LLIF1xV2Tf42p9LpEUvmFw,2.8181818181818183,positive
LLtKsP190vsJ7ewdOlK5xg,3.772727272727273,negative
LM1RkonuVduSCTleRaHEoA,4.0,negative
LNtuCsJLk3E9y7I5sd5SjQ,2.96,negative
LOYGJpj7i_k2b5Y97RAldQ,5.0,positive
LRFClGaQAUKc1Y_nYgAC7Q,5.0,positive
LS4L77ouSayCgRlQ6REqzA,5.0,positive
LTimTweXc1DKTGe8FU42og,3.5,negative
LTpsK89GrjcG8Aagdl-qvg,3.0,negative
LVicgKWh4RONp5kjDTiyvQ,3.0,negative
LWDE14V751GRgkC391Tl6Q,3.0,negative
LWxq_9zOU7jVyq0NdmJNQA,1.0,negative
LYioZA2Di7UQicjd6pxWLA,3.8461538461538463,positive
LbwKkZG8NzUUZz-ZeUp4LA,2.75,negative
Lf9QSvTmQ-giP6XU8iJ_JQ,3.0,negative
LhVz6SV5-xPPlvcZ-huczQ,5.0,positive
Lih5VgEGoXbohqVlIP_bVg,2.8070175438596485,positive
LjxcOvIa4fVe0DJnomOl4w,4.333333333333333,positive
LmIRdYWgNivl86l_RvNFoA,3.388888888888889,negative
LmLadcexMkHTRBv9fmlGOQ,5.0,positive
LoLGMUvvfQBz5z_yw6g6Ew,3.5,negative
Lpy0FZGnfHxbNzILnOW_MA,2.0,negative
Ls0kJrMmHvG5rLBqy7f1Ig,1.6666666666666667,negative
LvpzQgoHseyE-Grcff9Klw,1.0,negative
Lxt9rkWaA7hW3MvH2MNFbw,3.5,negative
Lxu-WDgIhQ4yZoxh0z1YOQ,4.0,positive
LzQIs8DDbBnSwEsURuNang,3.333333333333333,negative
M1OhGftFwHjV2BhepdSOig,3.0,negative
MA78d7N5VzAW_-AGt9Ne8A,4.5,positive
MKIsB8wpaa1s1bz9EG-RAw,4.0,positive
MNjHFaj1vYuI4qxBN5-CTw,4.5,positive
MPiyh-LjfBnQW3DKf82oQg,3.0,positive
MSdTnaiCFSqlU0SvVq6P8g,4.0,positive
MSzp56qbC3O4TB_yFiYScQ,4.625,positive
MYAQcmyiMFtxKTlLJ2o0hg,1.0,negative
MYQcxiviu8q04vK76GCnTA,4.0,positive
MfND5b4mMj44YMVwrHx6xw,5.0,negative
MfSu-joGx1Q8a2zvG0D_9g,4.666666666666667,positive
MfZGzHwKvEZ6R1XhXMhRCQ,5.0,negative
Mi2F_71bagPcBKFmmLs7IA,2.75,negative
MllYP4Fw8If92c6TNWrJGg,3.375,positive
MrWETKbSyG-FBq6ttK8SiQ,2.769230769230769,negative
MucuPPz-P_E7RLQ97XdY7A,3.6666666666666665,positive
MwzZyBMwmHr9HTKpcnK-pw,3.0,negative
MxE61_UKUvkoFkOi9ePM8g,3.6,positive
MyCejoqGOxhPb9CIjVJnrg,5.0,positive
N0b2FoV_dJIPNtMkRgffJA,3.6666666666666665,positive
N1m7E9ZD8TgP7eW70xa_mA,4.166666666666667,negative
N3D60_8SjUZOYeRV5_dbkg,5.0,positive
N5gQFHM2MiRmhPYKfu3PXw,2.0,negative
N8CkNmfR7AAcAw1cRdmjpg,5.0,negative
N8yg_vxoeBrEs7gz7C6cew,4.666666666666667,positive
N9Dr2FrVCL6oPrrlaxrv3w,4.5,negative
NDEx44jNmhQpEMyU6W1zkA,5.0,negative
NP1bLCb49FQM44zUMD7QlQ,3.3571428571428568,negative
NPYiLuTuclTcAT9GfL7euQ,4.5,positive
NPznpsaX6Ii8BELKMU_e3A,4.0,negative
NRMNIA2PJNz4GL32mHHILw,3.5,negative
NSNyy2JteW0xvQ1rbNpaoA,4.0,negative
NU4-xFxmnd1tYRRQalsVYw,2.0,negative
NUD0hMQeUUc1TLoqGfT3MQ,1.0,negative
NVofDOhgswxjE68vBgxqLw,3.8,negative
NVxz-c-JMrx2Qe79_Z2dLg,3.0,positive
NWXOfe_hALF0x0omNtT2Tg,2.9,negative
NX8eGxRPpYqTDfrKNr63RA,3.5,positive
NXrIR4LoE94AQniSieINcQ,3.2857142857142856,positive
N_An6cIAS74b0Y9FSWfnqA,5.0,positive
N_t2JG-ppf6qILzTZKfYDw,2.2857142857142856,negative
Nb2BkSGHX11jw2KPrZujug,3.875,positive
NbFEl8Dc7Ernkgv5C9COFA,5.0,positive
NchMAWaULPPSaCIOT04cUA,3.9259259259259265,positive
NcifTdntnoWWzco0vKRGzA,5.0,positive
NdBnW9P0D983NaJUoqQTBA,3.9,positive
Ne7tnsbkaY21iqxEMbbs0w,3.8333333333333335,positive
Ng-AENkvdLy2jxB5v7WU_w,4.076923076923077,positive
NhYLAnTGNnXml1lqe5hGXg,2.1111111111111107,negative
Nj1S50plrXjrchoDuNT95Q,3.838709677419355,positive
NkOir65b_YAAQVlJR_zmJA,3.5405405405405403,positive
Nl-HinOTc-_ugmGUVLytVg,1.0,negative
NlP6i_gF0bAxFpcspOv46w,2.5,positive
NoNOX2S7IOK7L5Jreb1epQ,5.0,positive
NpLo1Blmll-0NFGGqSE4Jg,3.0,positive
Nq7YbO-1nLth0f0zUPil7g,4.666666666666667,positive
NuhY1d-Kiq8iRv5htEgiWg,3.9,positive
NusF8K3TSB6L9Vk-dbBroQ,2.0,negative
NwZzUEGRHL95dctKFfKatw,5.0,positive
Nx_RLttlJfTT-XqKWsaLfw,3.0,negative
NyQPiqSLnzDjLiniOy9OFw,3.333333333333333,negative
Ny_y0ZtDfpQaCrCRv2Wbww,2.0,negative
O-HYLW1zNV4eW7SHSXHgiw,3.0,negative
O1wEEgUbCjl_g7GdleLAEg,3.695652173913044,positive
O38yUeSZz_oal6bzi2weaw,5.0,negative
O3dJVSVviUBknHBvP4ssag,3.0,negative
O4XVNYNvqoOmiILFQosq2g,4.5,negative
O4YA80372ht8DuH5KCf5CQ,3.0,positive
O4xh1DpjTzAv_-RMGGixJg,2.5,negative
O5s6t-shpyDE9UKj8hI3nA,3.0,negative
O6_v6iAhT52cl6lhqvALDQ,5.0,negative
O8P17VtBUpqrHthrMz8XSA,3.8333333333333335,negative
OFeI0f8oZiVT7JgxnSzIPQ,5.0,positive
OI2Dt3B6o8rIqXxqYmhb4g,3.5,positive
OLA8QlkFuINvaNsGWTtL6w,2.0,negative
OLAg2LOGMz9USvA0kXsp7A,4.0,negative
OLLfV-oGGvoo9p3aShLoVw,5.0,negative
OO-PuBnfrdXlZWKCyPPiQg,4.666666666666667,positive
OQfqs2ZV376PJUfl3NsbHg,4.0,negative
OQytMuhkdIgEjHJRj83o2w,3.5384615384615383,negative
OS6B0ZacJzIloGxxzTNIyg,3.636363636363636,positive
OUI4_5SByTesLW90lRfrNA,4.5,negative
OV5FUts27nzaBRG62xnkew,3.75,negative
OXd7OTYmiNlPbJEozpIAeg,3.433333333333333,positive
OZAPEkfpd1Yx7_7hD5gD0Q,5.0,positive
OaMHdEstiLYVNAXF03pKbg,4.742857142857143,positive
Oeg5G2KeIqleLgpNxd8QnA,2.5,negative
OgMjtqiLjU0ZgCn9ur2sqA,5.0,negative
OhJDx104gjcgZcOjbMzOdA,5.0,positive
Oig0XjKrL15ZbQc-H7sWxQ,4.666666666666667,positive
OkMANGl5a9pmYQxzcTzCjw,3.0,negative
OkZACcDFWTfIEVsxxL2UJw,3.333333333333333,negative
OlTel9SyGa6i8xSZCD-gBA,3.5,negative
Oo1c0gnUeE_px5dkA7R7cQ,1.0,negative
OqJiaUUsatguZk9Hp23L5w,3.4905660377358485,positive
OqYXFlQ2V5rTwo4-IncPDA,3.294117647058824,negative
Or9sTzHKHlgoqFWnbYeUog,5.0,positive
Os0uZfW3aBIHwGOXQ06Nqg,3.0,positive
OvSWKP0cqWBFgoLWYECPdA,3.8235294117647056,positive
Ow8V77H5RcBfpbsLb3UzdA,4.153846153846153,positive
Ox13xBrEscFu-u0y-_s6dQ,5.0,positive
P-Ahhnk4q_v2bRi-IgInhg,2.0,negative
P04H0_SvD6jFKhHNAPmmGA,3.8181818181818175,negative
P0jKqaSzjQ2RtVEyWYoG-Q,3.0,negative
P1OznsV_cFEE7HwuNUqmYw,4.0,negative
P1bRHjJQ5Aj0DjioPnukwQ,5.0,positive
P1idbp-xX9AfmtGJZh8d_w,3.1428571428571432,negative
P22H1IBB7_D7_V4yfb1X-Q,3.25,negative
P4eNsoW7FBriZZzp8CBC-Q,5.0,positive
P6oH5jmzYyQ_nBkQL2kkrA,4.333333333333333,positive
P7mUpOKIOWkVB8YJqMGwnA,4.571428571428571,positive
P8Iokb6Zvqm8NUnkh2tsug,1.0,negative
PAVZtoLktglICtNeEC3S0w,5.0,positive
PC3AY-WNs_cj--GWMtccdQ,5.0,negative
PEFj4osUOBcLNMZ3XgTuOA,5.0,negative
PEqJQJZ_zgXdTFwbca1NBg,3.6666666666666665,negative
PFXXugodetysiYZXQy30Hg,5.0,positive
PIDJ2xZOUMSr0jwjLnwYkg,2.333333333333333,negative
PKn611tgOKdzSH_y0bHfjA,2.375,negative
PKtU9LxlidVbp5fnqIqnNA,2.21875,negative
PLH3YCQBa3bWgAovfUg_hw,4.666666666666667,positive
PLb6_Wi-JicaoElVmFX9_Q,5.0,negative
PMpoJogV46PMw-8D4s31Nw,3.333333333333333,negative
PNXRz2Xb6ErOUJFlAYmuaA,3.0,negative
PNZuQK_q11hMYJpPLAEa-w,3.6666666666666665,positive
PNfOk72biASBn72A-r6N2Q,1.0,negative
PPBO5Y3nfeCUrajwtoS0jw,5.0,positive
PPhu9zoFDSlBSUIOKCZYIA,2.0,negative
PQUPl5BeWejRySVgDW7bRA,2.0,negative
PR6svgjQ22Aa4ikMfIBbXg,3.0,negative
PRkIQhOr02tGuPfxBZPC1w,1.0,negative
PYMWm7Lbs9dK3gt3yCRyOQ,3.4545454545454546,positive
PaAAtXgw0IZttxuCdPSHpA,3.2,positive
PbEM37MzozCZUkn7OGADuw,5.0,negative
PdXHXwxTK7MLlSoY8z1COg,1.0,negative
PdwDmIJQ2AK-OkYTcR_XiA,1.6666666666666667,negative
PidZ26sboIS3-6CtUpNskA,4.409090909090909,negative
PjHl92MC2_ZnrKZgLmuYew,3.0,negative
PmqoIBBRjTVvlLFmuOJH1g,2.0,negative
Prt0N_cokvWKoowVIzMHCQ,3.1788617886178865,positive
PsbKctbO6DXvJRYUDHu6LA,4.4444444444444455,positive
PuRgU_HDCLeIiT97K1TM1g,5.0,positive
PxH6Jyn_QKryR9mhg3mNsg,5.0,positive
PyG0aSX3pBx0hzoSH20FnA,4.166666666666667,negative
PzVDwu3DD0AdxqMEpcPzrA,3.6,positive
Q0SHfGNfQkMhAeJQtb3TtQ,1.0,negative
Q2CwHPADFu6hdhZlo_IGDw,4.0,negative
Q2xXOVms7yBWJ_OTk25iGw,4.8,positive
Q3hTb8oN8EZkzGZek4bdNw,4.666666666666667,positive
Q6VO09SInRQf2XQJr0UZAA,4.0,negative
Q71mVyziNejHCCQpCKGmuQ,3.0,negative
Q7Pg6z6YvbAuoKH9HOcriw,4.0,positive
Q8L1vHrzMigqrixG7w3jqw,5.0,positive
Q9OM6d00YPkdtDzx0OA43w,3.0,negative
QD7vVj3b7hu0WDGWoycF1w,2.9,negative
QK6BTUNWUtoi72asmtf8ug,3.375,negative
QN84zgPFqLa1YMLz-c9cgw,1.5,negative
QOdm35MQM_9mUAoRR90omw,4.0,positive
QP1TQgqE6OE6y-MYTRhmOg,5.0,positive
QPjauTgS7Cl5Hp1jClnBBA,4.666666666666667,positive
QPtDuZATFB2n36FvwKKrGA,5.0,positive
QT6o502sCaBeox2BROtXmQ,4.818181818181818,positive
QTI2RpqzHVnUaXGeaf43hQ,4.0,positive
QUz8RUxMuXQa-rbRHYyFZA,5.0,negative
QWxVHyQqKRN4frAkbs7zUg,2.0,positive
QX78-sdwgOfC1-5fmkysmQ,4.0,negative
QXMdjZSKgLaCjk9UASv8Jw,2.0,negative
QYZe9NXlFMWxcMjk1CYJAg,2.142857142857143,negative
QZ0L5l7sRdOPEDKBdd-KwQ,5.0,positive
Q_AJcwEyHNLVrgafmPzhhQ,5.0,negative
Qbqs_-Fb1U-5Hmz44wTNNA,5.0,positive
Qbrag_BwDh9AA4PQtS3NHw,5.0,positive
Qk4nVw6ft1ZftsHNRGiFjg,1.0,negative
Qm7XFyoRlFfptCKLiRzmXQ,3.333333333333333,positive
QmUPZ_9X-_IuWTwQB92wdQ,3.8666666666666663,positive
Qn10NEhycm3k5HQoueDYSQ,4.395348837209301,positive
QnWFR5zQuLGL12EM_SZb8Q,2.0,negative
Qn_e6BhJHz25ZQA_Lw_rnA,2.75,negative
QssEag9tsennJO4o9G4ORA,5.0,positive
QtJ-jsaZ9OdmnKegbf-c4Q,4.8,positive
QvRxH2fhLNAL79TWU7a1cQ,4.25,negative
QxkepqngySoTexg29dT6wg,4.076923076923077,positive
R-oyaw0vLfWjYYJNsve4PA,4.0,positive
R0I6hk3av5Ta4bncV3y_PQ,1.0,negative
R2SCSPc-Ad1DjZMASN8Hpw,4.0,positive
R5fT-2OJvgDKrDSvIxUpvg,3.75,negative
R99YRMmzHUVjHwzfbk6xhg,3.0,positive
RHSJfL04xzFhY8pj-PGUdQ,3.5,positive
RIwTHcSGNXt_RCgMFQSYEg,4.0,positive
RPqM6hPPNytOCIqUTwAnbQ,3.4255319148936163,positive
RPycn5IL-9Lt48-c7szZfQ,5.0,positive
RQNfkPx2t9hoAzdB9TGuAw,1.0,negative
RQfQLWFjbIcSDShzFxd2iQ,3.0,positive
RTbDvRlBaKyim0MJOzEkPQ,4.285714285714286,positive
RTl5Lhh7mQ9zsSsJ2XNBUQ,1.0,negative
RVvWfw-Z4Xn3ec5NqGNSzw,3.5,negative
RWV2BINlirWBE8yrgf4QwQ,5.0,negative
RZ0mmRutISpsgXjsOPHKmQ,5.0,positive
R_VkipLvwxbacWV0mfCBNg,3.0,positive
RbtQ4evIqcs98gXUwcKjcQ,5.0,negative
Rd94o99rI5llUv_5v8pARg,3.0,negative
Rfn78iytuhwlMM6SESQkQw,2.5,negative
RiQfs8W707QyJikEw6f7Gg,4.285714285714286,positive
RiTjdRAFsGlZrfq-6a5kTQ,5.0,positive
Rk-q_iDp64dOduH2SIhEGA,3.0,negative
Rkq4ETo8ekVuH4D1naFPhQ,1.5,negative
RlbsLKwnnSbf5hwOGko3Rg,3.0,negative
RoO-4FJgw-o7tImNa6DRow,3.333333333333333,positive
RqFvqiC-PFXyFPnbQ2053Q,4.0,negative
RtL9rFDSeojjdzBdtaF7sA,3.0,negative
Rv4QDEfZUcSDPGhe9qpVvw,4.5,positive
RwkyPqEou3r2cyW76pTYPg,5.0,negative
RwtoALx1TRiOJ6R9HAv9yA,2.4,negative
RyHCk1cfXe78ViaKWm9u9A,1.0,negative
RyibVYuj7eaeYz0CTuy9_Q,3.5,negative
Rz_cQQIZF7EV_MGbM3SR8g,4.0,positive
S4oulDgpF0D3EeNiTyvsew,4.0,negative
S5Bk20D67MWN1oiotHWcSg,3.125,negative
S7p_Q0gcyTp3IPKJX8H9fw,3.7857142857142856,negative
SAtNH-9Mz6bXqyMj8y2Apg,5.0,positive
SB_6R42ClX3TgXIJ8cTBoA,4.0,positive
SExrvK5m2lNrGazPd8djAA,5.0,positive
SFt44FzF2aa0vi02rzcrhA,5.0,negative
SHLznTokduaF181dWSi9Qg,5.0,positive
SHkemXnMV9x-nHj6tIMhKQ,1.0,negative
SMriYONZRTTEXew-sM5lNQ,3.0,positive
SNMMTf9mEVzr7wvOxA8phw,3.0,positive
SNaVTMw8NsFLqMvivPDBnQ,5.0,positive
SO1UX9aM_k0_HlzKfj1vlw,4.023809523809525,positive
SOXZu-KQvL59pUFl7uVaXg,5.0,positive
STCMyWPqY0h1RAyB7JUQmw,5.0,positive
SUM4VgrmuDL36wMnJZJ27Q,1.0,negative
SZH0_zAlASYPATkEBrS5Xw,3.333333333333333,negative
SZynkhN-6s6JJeH5KNVI3g,3.4857142857142858,positive
S_9Bp4k_VhF96iHfkHmtzA,4.5,positive
S_Pyl4JcCeBUoGgDBnA7vg,2.2,negative
SeJ4OMwNIGyxVaFeKSqLNQ,3.0,negative
ShTfDR8X_equHOiCsxKK_A,3.9090909090909087,negative
Si9Z9JR__7j-96M4jrbkVA,3.0,positive
SjAqEKAV-JZ2lNWVQNqzTA,3.0,negative
SnDYzoT-KJfbA8zHd0QkBA,5.0,positive
SpXAUW7JO-MTnGh9bldtdQ,5.0,positive
Sq5r391oGGHFRLoGzhd_tQ,3.333333333333333,positive
SqCHL60FNhB5Wii7sTqiig,1.0,negative
SqS-UgJs5OXFt6OPnU-MyA,3.0,negative
Ss3QsSX2V2u3LewXUC3dVA,4.363636363636363,positive
StVQ4rlyByFYVNKagAf4iw,4.0,positive
SuKydXcEyLCKvjsPWtNLOg,3.0,positive
SugQCPP3FVPGJATlVXBVDA,3.4,positive
SvjFfDxgeXFqcAOx7-cqQA,2.5,negative
SwVZTVkNrOWdLwGW4pT7Zg,4.0,negative
SyAuNRxOIEh2txqr1I3TrQ,3.0,negative
SyiYpDeXn_P8Ty00e6_YZg,3.0,negative
Sz6fAu9T0q23BtuF_oZazA,3.0,negative
T00L5Hk6adMGRPExj7yokQ,3.333333333333333,negative
T62VKsgn7Pd3a-SC7VvWJQ,3.0,positive
T6clzPGSe05F_4GhBjoLZQ,1.0,negative
T95rX_mYNeuuKPnT4yjwzg,4.333333333333333,positive
T9F7nZUv5UzzkjD-O_yt9w,4.0,positive
T9L5SXNDiEViSa8xAuSbPg,3.5,positive
TA2QYSahJGTmEWIA2gcMIQ,4.333333333333333,positive
TA7X38Qf-DmNWZ53dGOLfQ,1.8333333333333333,negative
TABbGkcexuY-2Pw6H9aqag,3.5,negative
TB_YLyPFYsVXH-70mXIFnw,4.0,positive
TBorfMu0lPu3K2t9h8eHNA,5.0,positive
TCHaMniXmH30AGuxxmsCbg,2.6666666666666665,positive
TJEwMYhClRCpaP5FDPC7IQ,5.0,positive
TLnNYXv0jVoC8PXsyISxKg,3.071428571428572,negative
TMM9jxvRgevlfI7i296w5Q,3.0,negative
TMrvzkl2V-WuljuVIUw38A,3.6666666666666665,positive
TP8zxYve1T4_xq7mLAT-1g,3.8846153846153846,positive
TRuOOzh8903bvd2BDz0Y6w,4.5,negative
TVXRQleH5lyUS3_JSGN5zg,2.3888888888888893,negative
TXdK4HquUwcaFUlcAS0_YQ,2.25,negative
TZNJbRyQ7fkol28NGhdaUA,3.333333333333333,negative
TbwfAPvazKsEjRzuPVuuMw,4.5,positive
Tdy6sDnyu7Od2kBvlzduAA,4.290322580645161,positive
TeJGJA4_iPNMDuQUxmphHg,3.846938775510204,positive
ThKNGVMPLDPb0Rk0W_3h-A,5.0,positive
TifzFL-ytrwIKgIB-ImjhA,4.0,negative
Tk9w4X6of6fICLh1XhH2QQ,5.0,negative
Tm9zlIHztBC852tWckCSJw,5.0,positive
TnFZ52pgh39krhxACybTfA,5.0,negative
TpohC2Y7ZBxi__pJeBdvWQ,3.5,negative
Tpshj97drrUWYFFaakn8SQ,5.0,positive
TqeV7ROjFKKuT-wBgo-YpQ,5.0,negative
TrVA3e0unOPJd9rYTIPvFA,3.5,negative
TtTcERkil-sIDEnlxdaJCw,4.130434782608695,positive
TtddnYJPZ2XfrOWd_YeGRA,3.25,negative
TvJZjlowEIRmYWmuFX5cMA,4.0,positive
TyOpxjKYPIHe3ynvbfv7hg,4.0,positive
TyuFt0YnChsXNX2iEZfjlA,4.0,positive
U0fnrO6WYF1r5gyjlQqSHQ,4.25,positive
U1Kah6_jpkYj5YazJI5zWg,1.0,negative
U3YEVlLeyy-23ndHsDiZtg,1.5,negative
U4c5YEldlytVFAv9YoN7qg,3.6617647058823533,positive
U7ecpJTBwk1-pP0oWvRxfg,3.0,negative
U908GBA7_Dg36K6xy5Pm4A,4.0,positive
UAT_J_bxefTGAvwrDMdCNA,5.0,negative
UHl8doS1sLo7rbuysWEYLw,1.0,negative
UIugXjLyizW-04xYt6eaOQ,4.666666666666667,positive
UL7gq1B1dmSzZUCmAHZT0Q,2.5,negative
UQy6drXopA64YntnQEP6lA,5.0,negative
URk-ssqSZRLboWhkyEgqrQ,5.0,positive
URy7ExuIpIPcMwl1e8rYIQ,5.0,positive
USvVbLSIXK4W8bvWy1n9UQ,5.0,positive
UVxImD0Wb53x4m9l2_a6oQ,4.0,positive
UWzbpgB_FliuNsShu91FaA,1.0,negative
UY0CZg8JQjAxXcI0KcZKPQ,1.75,negative
UZkPd7jjCM1yCbzt58r8Ag,3.435643564356436,positive
Udn3-LQpLMIjIdKsCoAwrA,5.0,positive
UemlpEk8cZswbeIMsSCPaQ,1.5,positive
UfZbLzGseLLePttJbc4vNQ,1.0,negative
Ug_z8VoYfBB7clFHVCMiww,4.333333333333333,positive
UjBgNXFFxMriz5uVuLBeqA,4.0,positive
UjN2TyfuIaEG7uF8iN2kVg,5.0,positive
Ul8c5NbwfoaY8Y6pQBGmvg,5.0,positive
UlkN-441aysFRHQm_8ruVQ,4.3,positive
Unjgs_-9SoisxS_1uwhXvA,2.2,negative
UsSFDQxu7YZ134o6WoSvbw,2.0,negative
UwlPS9DSe4UxWzHmoB2pTQ,4.0,positive
UwwOeS7_HGHPvavMOaAVxw,5.0,positive
UxPKlrapQVtiivVNn93ROw,3.0,positive
UxYQ5X-pkgrj_1XK7lOyVg,4.6,positive
UyzgMkdwZNfJJNbGVayUTQ,4.888888888888889,positive
V-WJjfG_dlu0klZlR1KxqA,3.260869565217391,positive
V0SCHCKGVTZauvWgt2NncA,4.071428571428571,positive
V1SUjabXyErh9cnr9Py9Qw,3.0384615384615383,negative
V1pKsi9h_ekAzu9TzkpLxw,1.0,negative
V58umA7q3w_S8l95Me2XbQ,5.0,positive
V5m-GiauWDfzIiNedZhVfQ,4.0,positive
V8Lyk0IKRGfb6AqPVfc48A,4.533333333333333,positive
V8R15w1Sv60PNpiKKiRkNg,1.0,negative
V9rp-yT8GR834JhMTndQmQ,4.0,positive
VAim0nZXXk0ygDzJgOX7Vw,5.0,positive
VC1zx4quLpX9E_aUHYLg6g,5.0,positive
VCxI-pr1d-BomTQi09EbtQ,5.0,positive
VGUBjSh3BwFntlaAOMRgRA,2.0,negative
VIojEv4Vucr7tmgJjO_8nw,3.875,negative
VNWxBy3jYi2-pENSdKO9Vw,3.8285714285714287,negative
VNXYvgPQjKIWfUQkR9YgAw,4.0,negative
VOvLCZxR64BlreZL7Sgupg,3.25,negative
VP2cA_5oLsuF56CkenjphA,3.0526315789473686,positive
VPUiIyXHHTcIs06ca_hRSQ,3.3846153846153846,negative
VQzihROe-sNtItXvXuC0Jw,3.375,negative
VS5cB2QeF8b1N3cr_x70DA,5.0,positive
VV3we84reBfGrZMK5ZBi2g,1.8,negative
VVGGghKcu6Qx0RVoXcjcTA,5.0,negative
VVcTaBUH3cAObS5Lxsje3w,3.2,negative
VVuw6BnXEbn5RkIA3U0o-g,3.5,negative
VYXf-xHXcKMIlixNfuOIVw,3.0,negative
VZ7M9EBqURLI4n55WCI8dg,3.875,positive
VZlP2yVgnpMenROfGUTweA,4.0,positive
V_TBMUgNGoiizhECJoJtBw,4.25,positive
V_j3QJPww2NpuxX7-lqQ7A,4.0,positive
VbLi_PsOuoCeodjKzS1Lpg,4.25,positive
VcpQ3VBhHi6-E982yPByIw,4.0,positive
VeZlHqQr9_zP1DQoI3evmg,5.0,positive
VfHXAaOkhCyxoVw50bL9QA,4.5,positive
VkIQgupDqCFZorV8Ro-89A,2.9302325581395348,positive
VkT6L3bwcxV6fIDDO-b-eQ,2.6666666666666665,negative
Vks1nQMwiC5MgOb4WDRueg,3.4,positive
Vkx4SNd56wWzQzu44KtfLg,3.0,negative
Vlwc2Z_hMMtCY3gYWfIVmg,4.166666666666667,negative
Vq-EtfJGBi5oP_DWZh8gkQ,3.333333333333333,negative
VuqXyU0WDKpf5gnOz-POhw,2.75,negative
VzfiiFdGgeBWyzCDkikf7w,4.0,positive
Vzs9WS3dV3liKH7u6vJ0Mg,3.695652173913044,positive
W1IM2Axgkdw1CgPDC_523g,4.0,negative
W3IK_B3Ytlco5H1gIPJOjg,4.0,positive
W4avSLJSj6pvsFxNxtGtqw,3.2857142857142856,positive
W4l4Cb6Y_HNRy6XEAbQ3Pg,3.6,positive
W7ClJMinnw540e8CCpfBOw,1.75,positive
WAOL7-XVr0JR6DPYZTjMwA,4.4444444444444455,positive
WD7m92tWg9SK6hNlRlzu1g,5.0,positive
WE4aoSbxZwEBwIs-OU162Q,4.666666666666667,positive
WK6zxoml1MbePUJ-chT5Yw,4.0,negative
WRSA4E2sYW46nYDkdfxFEQ,1.0,negative
WRdHnwIC-OG7lp1bdnEHfg,4.0,positive
WT00rayjoQYLHqEiG0xpMQ,3.2222222222222223,positive
WV3jZ0MFmLW39Iwejj1dWg,3.0,negative
WVPNeCOOkBQxUf3IwnYvdw,3.6666666666666665,positive
W_yOReJIDokQn57OCDgtKg,2.333333333333333,negative
Wa60sCrH0Pq3-yBiSZUghQ,4.0,positive
Wb6WIQIy1NcdVF8RBbUpTg,1.6666666666666667,negative
WcP5JWvICvZ62Zqcn2Jt-g,2.5,negative
WfvODsf3KFDAkIbz0nWE-w,4.764705882352942,positive
Wi33nyqtA0WlMhQPcM_0ag,3.0,negative
Wjgjzxu2rZnGyBsVgxxQtw,3.3947368421052637,negative
WmXljaCu8zmVk46EmPKxCQ,4.0,positive
WmlFqGWjhD5un-2fftCSzA,2.0,negative
Wp0kUoHrB2tPqMogVHg8-Q,3.333333333333333,negative
WpKYEjDCxWd9eaSz-1KfJQ,4.6,positive
WqBQB68NcMAujtvg1BRlYA,3.4,positive
WrYFJZi2oM5wq--JmnQETA,4.0,negative
Wswkz8AO81f-Mr-fobL6bg,2.0,negative
WtePvxAdu3-PJxWiUYEaKw,1.0,negative
WxJcZyA9hNwAqXc0XxTPNg,4.5,positive
WxMPNzO-fafls8RYbcejnQ,5.0,negative
WxWrurWu_VzMdiSH8AHj7w,5.0,positive
WzJzucy2-SUC_A0iia8HvQ,4.0,positive
X-o5NTf1M5PQNWYwyf-8nQ,5.0,positive
X17aZqZ7-mEEzF6Me3yGcw,2.8285714285714287,negative
X3Eu87DKPlvip-GudTiV0A,5.0,positive
X3HOHEOwLmp11W4El1mbOg,5.0,negative
X756C9YKMUZyiJwvHezKgg,4.5,positive
X8q_tv4wCOgpj4tcMB8eCA,3.4,negative
X9UBPAyS5Cm_NP5cmiw-Zw,5.0,positive
X9b45JLCieATdkTgR8iJdQ,5.0,negative
XAR716AWqWhqRgM9EGDBVw,3.6666666666666665,positive
XAh7Xce30KGmL_CTCdHAhg,3.7785234899328866,positive
XECcCTdTUp_ZsTqfLgkpBw,3.5,positive
XGqbxoFN6SyuZqEoqB0HJA,3.056338028169014,negative
XHJG-SdOX8CTuBXR2zkfjg,5.0,positive
XI_lfBGaOTAJRfrPuNUJkA,3.4,negative
XIpSrV2HUaI8Hx6RDPvPEg,2.75,negative
XKBudOYze7eeNaMGzSLGnw,5.0,positive
XLWsW4PRq6xCkTCPxvW6pw,3.5,negative
XMRwc0yvLrihaknHRrivEw,5.0,positive
XNNYiOkCCt6682-Wify2Aw,3.0,positive
XO8_SWQokc2vYshjrFXdsQ,4.519230769230768,positive
XRmowD1xWdipQv-gnnlJbw,4.0,negative
XT0zLD8-J4n1DV9cfG9VjA,3.4736842105263164,positive
XWBDk6b8efnftFHWPRrchQ,5.0,positive
XZiONv7si8Np8Fm9elkLuA,5.0,positive
X_wvZHJCko4ozBUgCXDIsg,2.0,positive
XeJGQxpkh5HTQMClZSIkPA,3.882352941176471,positive
XfwVE16N60-yZTZAtKOTfw,5.0,positive
Xi4c3LQWDpAg0j_I43L6jw,3.3255813953488373,positive
XkvDWb8gRV7Ev89uaaIHSA,1.0,negative
XrGRtBuBSYweDaNIi14-aA,3.933333333333333,negative
XtVK_6dQeT34vv3iHPlPXQ,3.0,positive
XtW8l8jHcIF2HQtJszZc4A,4.5,positive
XtbB8nC5QxajqBrJOAndhg,4.0,positive
XxrOyBa-FKPFe3lHRFVPUA,3.333333333333333,negative
XyMQC5C_EkXDX-2UJxMh5Q,2.333333333333333,negative
Y1-XTmLWTqh64DIU-psY-w,4.0,positive
Y2CUf5wgjXbrCS6JJ1yViw,5.0,negative
Y4SxbOmI0X6fQFJ1FrQ5xw,2.333333333333333,negative
Y4eTFlPidWhtjo66YjoEjA,1.0,negative
YC5VXOSiMNWaBGlZRApF_A,3.0,positive
YCzOVCdwIZYNghVODpW9DA,4.142857142857143,positive
YEhLPCRlQ5K3EwHTstZBTQ,4.0,negative
YFdKl-_08qW8QlWGK8pmtg,5.0,positive
YJZq5dgpi6Q9s3PZp2Kb2A,3.0,positive
YMNXoQWp_dwrdolwPtXVeA,5.0,positive
YMSM63ZnGDW2hbb6rvr8kA,2.466666666666667,positive
YMdA_vq_5ef_Brh-F77Mbg,4.5,positive
YMtkYR-ch_QxhUIriUE_ZQ,1.0,negative
YPrETrwNzY0sbt0d0Kj6Hw,5.0,positive
YQCr87Uzy7pLfEl_vMrX4g,4.75,positive
YUseSEHT0AweZBDtskScPA,5.0,positive
YX8C1i766QwGonpvG3AUUw,2.0,negative
YYFFn2o6aoz7pxLAgJKeBw,3.0,negative
YbL_-MmSeYj_dchAP8pfiw,4.0,positive
YbS0pHDkgDNK6nZYJAclkg,1.8333333333333333,negative
Ybrm7iWefWbRQWavc2U2AA,3.8333333333333335,negative
Yc3XXRA4Maum60MD26xZ8w,5.0,negative
YcAia_dC5rsPtkaGXv47lg,5.0,positive
YcX5XgsYacg0TTd54Qs0pw,2.0,negative
YhFsaGekMZlan2kMOsR-AA,3.8666666666666663,positive
YjiAjdys_UYMvnaUmhHeoA,4.5,positive
Yo3YRZ2UqpdEko-Y7kFdZQ,5.0,positive
YoHtJZSbjECiSrISILVnjg,3.0,negative
YoKTbcjs3WaaJ9zF28HsPA,3.25,positive
Yr-B8L5u8Ndx7g07Iy6gAg,4.166666666666667,negative
Yr5icGYCYV8eusuc6635WA,2.75,negative
YrifJGcQIdL755lFNsGzCg,5.0,positive
Yse0r7-Ux-GU8tMKfPcbjw,2.5,negative
YtqW4JqN2ED19PuN7hKxFA,3.571428571428572,positive
YutcErVDZUNlOnvCJ1mY_Q,2.6153846153846154,negative
YvnntKy7hggxWxhsDX_cjQ,4.0,positive
YwHrAi0D9zQduKWE5PpWag,5.0,negative
YwsRmtubjZdAM2nvItK5sA,4.5,negative
YxMUGVzzeVx9Ft50fFMZzA,4.0,negative
YxmnCbGzkOBq-aMbNMtk_Q,4.4375,negative
Z4ZOLa1IqxSqEBPO3k8g5w,3.6666666666666665,negative
Z6HonVxKbqYD3nZRYhcqRA,4.25,positive
Z8m-SBimdynnik_dDPpAdg,4.793103448275862,positive
ZA9xyv8YZB5ZhOICjfKnLA,2.7222222222222223,negative
ZAPVbf2TD-2p_QqY2dEmvQ,5.0,negative
ZAa-R4VLr1G1InitTRSL1w,3.888888888888889,positive
ZEZeL8M5xveGFac2e-LwNw,3.8,negative
ZF1mvFRVB-K8YtBlKfRgZQ,3.4375,negative
ZGvez6TiDTYPcBpedsSxrg,2.6666666666666665,negative
ZIqeTQDb26J1dnPeHGRiLA,3.8615384615384616,positive
ZIs5aai4LUVdAKxleWkZPA,4.0,positive
ZJZIKFVvHma_BRAO1ewUKg,2.5,negative
ZNgyfLOj-JVDpj92T-ExsA,3.8288288288288284,positive
ZNlHypbOwdB0lM3kW2M-Qw,4.75,negative
ZOpJLgBpOVqLnLwKKnhu1Q,4.5,positive
ZQH3KPgeEfK3Ss0qW4PmiA,5.0,positive
ZR2i4lzgFiHTv0XQJ0t79g,4.090909090909091,positive
ZSRWjPCJsWwsKIX_rmHjCA,3.0,positive
ZSUWhcLoo-aIPBDoMKw_vQ,3.86,positive
ZVJmr7WODht8i2QCV0WEfQ,3.0,negative
ZXQxq9Xa-bveIrpwp_ZOAw,3.125,negative
ZZMN6y68ZTeMuQWLwon0xg,3.0,positive
Z_KBq9RqMGIL4B7f6R4cDA,4.2,positive
Z_p8HBbNRrxgGl3AcxbGtQ,1.0,negative
ZeYu47ftamZ6m7aYCcwSMA,2.0,negative
Zgq49-P9TcJvYA9ifBtwzQ,1.8333333333333333,negative
ZiusSbHw7xRxTcWF1eoVWg,3.0,negative
Zk5CeCixOqNC8XVmAfgGwQ,5.0,negative
Zkx2yhDQe3ATFJU4LQAJ7A,1.0,negative
Zlbo7Xps4G3xL5n4vRTCjA,4.25,positive
Zmf8wjsKeHZ9ZR538mcl4Q,5.0,positive
Zn-761btjt8tK9_VxxKkXw,1.0,negative
Znh7M5TaQHk3vGDCIY2U9w,4.0,negative
ZoyYOGZ1Ju1oslnqfLieiQ,5.0,positive
Zpqlr7_4Lk9wq071XwB6-w,3.25,negative
ZseUvvLxAp-FHUWhEXXKoA,2.0,negative
Zte7uzT7p7i3Pjn9q0c49w,3.75,positive
ZtwFEooLpf9wMv6saSIJrw,3.3571428571428568,positive
Zur6xLX6fdm6gNbhDiIdHA,2.5,positive
ZvCM7SCjc6sC3QlWdx73vQ,1.0,negative
Zw3XTs_xho4PLxMshXLlKA,4.0,positive
ZzO72SJETO6icjHS8BGeFw,2.833333333333333,negative
_0exhqM9n6APbMlPsJbO9w,5.0,positive
_2gK5Orf21juv3tvPKv55g,3.0,negative
_4I4QUtHIibPAVeDercffQ,5.0,negative
_6KLiszTrD8SSQ0WgA2gAw,1.0,positive
_6UiHRnfybGJ5s2FwvlEiQ,4.5,positive
_7FYY2YNNRHHYqPrpPDq9w,3.5,positive
_97YYWsCVOI3DhqT_Npk_g,5.0,positive
_GfEqO-L5oAiEWB5MRP-3g,4.041666666666667,negative
_HIzlf_RYHDrtG0XL5buKQ,4.5,positive
_HZmKplpCPqoFj-6190pKA,2.0,negative
_IFYKbyisxTsDiuqKolI4A,3.5625,positive
_NIzhWg714kYhuNuV3PqaQ,5.0,positive
_Pc85b7RKS80_PAKBR6I9A,3.5,positive
_QNRc-sJ6kFdIX8reJ95Kg,4.0,negative
_Szglk2TO1rpP5lm9sPFvg,2.8260869565217392,negative
_TAIpZRjy5VaCRTx2ouj8A,3.6,negative
_U4pk94eMtqSgZ56-y96Vg,4.571428571428571,positive
_UDTilLzn4BwIcn1qPWuDA,5.0,positive
_UNBwSZHup0latangLSO8g,4.5,negative
_UbTkXQ_ZL-ruBUS40iGew,5.0,positive
_VfnsWYCP7lu9dG6cmeIKA,4.5,negative
_WQa6LYUyQUGl3kU587L4w,5.0,positive
_YMkvGjNNZYZPAq7bvm1eQ,2.0,negative
_Yl-RcnwrTge-yQjqLJgUw,3.0,positive
___C3oF79FmCvIW_WojtMA,4.875,positive
_auUTic1us1jCQpfXHN7Gw,5.0,positive
_bkwYDJYIE268fOQrt3oUw,1.0,negative
_d74WBRz2Gl4WaQWSbfngw,1.0,negative
_gjUvDoeGlFlTDIVJMxIJA,3.4,negative
_iM_jy7ulOpRUTq-tl-FGg,4.0,positive
_iw_cJsyuDPmbJgDC5iXCA,1.0,negative
_k-_UTQWiCnPs0PEHHGQgQ,3.75,negative
_l7qab9AmCodR1Hb9zfPAQ,1.0,negative
_l_EWoVSNwd13aTRbZ9gmA,5.0,negative
_lrx-BniXTGcnoZDCbPemA,5.0,positive
_ltiwx4S6OVpDqcu0Fdzhw,5.0,positive
_mg2FE1viaYC9tFmDkybxw,3.5,positive
_mrkYDyPIKmO_w6RD5kWRQ,5.0,positive
_o-xA7dliKBg7dt6bIXx1Q,4.193548387096774,positive
_shvV92PLXMevwU1W2JWJg,4.0,positive
_sozrbWfnru9sOhT5TkOMA,2.575757575757576,negative
_u21GvAnwaqcZcR-d35LsA,2.0,negative
_vc7iT7NBGHXOaaxCN-T9A,3.0,positive
_xnNMq0u-YSJ1cYZpcEwDw,3.1666666666666665,negative
_zGnog4aBsgh7v9K8ujNMw,3.6666666666666665,positive
_zyBU67Y1RBaNM9TajJFJA,4.0,positive
a-SLHlP85GDtegPls7w0cw,3.333333333333333,negative
a14688UvnbT0GmKQywAXkA,3.0,positive
a3K_NoX0L38XutHb5yXwOg,2.4166666666666665,negative
a3cb7ly0Ny1Lsjf_SXUUgg,2.5,negative
a9OSnBCgNX1djGHKQmfVQg,5.0,positive
a9Sjmk4VI4uj1ULt7c7F2g,5.0,positive
aBo8SSXxt41A13CBtkOaRw,3.3529411764705883,negative
aBpuRoJjgRBuXE07UFIP8A,3.261904761904762,negative
aCFgGok-JMpCisy8vt0jbw,2.4285714285714284,positive
aE-9khAZEi2jPb4kYL-wWw,5.0,positive
aM3iSm2bhucUx0ycms47cg,5.0,positive
aOjTqv5ZnFyKuDAFGNiY2Q,2.333333333333333,positive
aQb5jtEJ9m6YMdd007iioQ,2.5,negative
aV4YbtWANes1F1Yme1lf9Q,5.0,positive
aVuKky7ZmftCFKybytAy0A,1.8333333333333333,negative
adviW7UIS1ZZmax8FGvpsg,5.0,positive
akBYwak1sqNd1T8pzXKN4g,3.6666666666666665,positive
akbyOKo0OmC49KafAtF-MQ,5.0,positive
alezyaiUGAhdU9wsdK1jDw,4.5555555555555545,positive
atMTO3_0g85_lfP0GHG4NQ,3.625,negative
awo_PFTdgtjMcvEqjiVgxg,5.0,positive
awqeit91FPEi2H7NSJWm5g,5.0,positive
axUB9dT2CHAxouQa4qXlsw,5.0,negative
ayF6gRYFlwGzd3Dw3VXljQ,4.0,positive
b0E0B895Dtf_eNvP2eVfwA,4.0,positive
b2tefgaXLW-s9fDUNikaMw,5.0,positive
b36jd-_xwGUAx8O9As1kWA,5.0,positive
b3dCkjjyLNY9ezEmUQMOYg,5.0,negative
b6DDnuj6WeQozVEXngTEKA,3.3809523809523814,positive
b8SgnVk6fnUGfBpy6k_WIQ,5.0,positive
b9ydWirWbGZTF-X8tmw5lw,3.5,negative
bBN05huH8LjSL3DTzXoQmQ,5.0,negative
bD-3ghNsUJqwysCvOS0Vnw,5.0,positive
bE7t9zBkxiRXYY6PYpx_HQ,1.0,positive
bFxtGcL0W7ZNEj3NwTmM0A,3.9558823529411766,positive
bGDIW9Lg0_0zHKaTxplHaw,3.7647058823529416,negative
bIXeKhmlmmUBjVZiCEGdSQ,5.0,positive
bLacdO70gh88-MNWLUM4Ag,2.333333333333333,negative
bO0ePzK1UYzRny7KqPYDoQ,3.5454545454545454,positive
bZ3h-WkeeVmL7RDaP6Ao3g,4.0,negative
bbJOsnKN0nNkYmnDHOdAwQ,3.2777777777777777,positive
belkExx9ktP516XiqPxCDg,3.25,positive
bhLVK932K6WJiK5mcGbulQ,3.2307692307692313,positive
bk6w0dlvC2mtMjZgrbImjg,4.0,positive
bkOqEz1_bAa4tkMzkeeUvg,5.0,positive
bl6JIFaGaOhA18xbpzN7Kg,5.0,positive
brPpCZvp7KUC4cZC73xJ2Q,4.0,negative
bs1cYRcmLsV5nU7XtC6keQ,4.5,negative
bsAy7BtqfbgWebW22MqkQQ,1.0,negative
bsPF0_naLxyaa1kj2UGdDQ,4.0,positive
bu7sTra6cSMn9_6pa-X68Q,2.333333333333333,positive
bukMw3pNlIya4tc6PU0Dog,5.0,positive
bx-Zufk6AsahWdG8xLRcXg,3.7142857142857135,negative
byvSkrlsHWe1clySpYbY-g,5.0,positive
bz1OoRQPz4FzXlmTylFwEQ,2.875,negative
c-tZvcQWAorb0RQtpe0IRg,3.6666666666666665,positive
c-uuS1g1e4gATlIP9SdZNQ,4.0,negative
c0Don3hqK-9s0HNLGFNNGw,2.8181818181818183,positive
c44HGDg-cPPKtHqW-Pbv9Q,3.0,positive
c6jnyJ04E8sGxIxQPa6EZw,4.0,positive
cBEmclcgjQIeLyTiyCfoiA,2.333333333333333,negative
cBb2ZfDGc0A1d1zYVd-xMw,5.0,positive
cD-NP2TFs0ucdq2tKivDfw,3.388888888888889,positive
cEl3bMqMz-2Fg3sTCZgQ4A,4.666666666666667,positive
cF_85s9ETqdLcZPgHBHJZA,4.0,positive
cFuSOl_oo3Y73dCA_tfAzw,4.222222222222221,positive
cIiJPGkanRdrqYkHOrFVcg,4.0,positive
cKBsDV2zyOpmgjDANJl3fw,4.0,positive
cKZNbMvoqJaUe7n6lf6i7w,3.888888888888889,positive
cLMl-3ZtwqOWXqjhQyO2zA,4.5,positive
cLeooB50VE0KcE66_B4seA,3.0,positive
cLszNT--aCGja_637vJnLw,3.571428571428572,negative
cP9Qrl3dy1HpWMcI5dJNUg,5.0,positive
cTwZNYA5NxB_tk6aHQV3ZQ,2.7142857142857144,negative
cW7X-3ZGv0nTwIgJ82R3dA,3.739130434782609,positive
cWciRY7j3NRiMh_Grm-ijg,5.0,positive
cXJAHkNkp7AKLh3_witR1A,4.5,negative
cXKeY0NugFvCSHRWJcOq9w,2.583333333333333,negative
cXLgRVK7Dc0mG3c5vV6qjQ,5.0,positive
c_WNnSkn1mswpwXUQPzX0g,3.9,positive
caO9VcHy1stJO0w1H75HdA,4.0,positive
cd-Li67DeL4_VrsMWEgxQg,4.5,positive
cfHL5xepz4T2WAAwXzE4Mw,2.5,negative
cgxceVwdHgncwUMqlsJJmg,4.416666666666667,positive
ch5YfTYTz6f5iBqQUanByg,3.0769230769230766,positive
chVVHChW-B2fs5t9JdXffw,4.428571428571429,positive
ciqSF1mqcdcQ1hE3mrW3vQ,1.0,negative
cix0vXp3GH2rCya62TVkEw,3.888888888888889,positive
cjoSN5Ppn-kcVqIbv7qy5g,4.0,negative
cmBSH_mNlh0Pw6_eNHCjLQ,3.9090909090909087,positive
cmXrUM43Uh7XLVaW6hvLXA,5.0,positive
cmcJOhBUAVl-9qgNP8IL0Q,4.0,negative
cn5Ulj595eWRUbQ_y00qeQ,3.5454545454545454,positive
crYjyfUc9qYRomhzdVSlPg,5.0,positive
cs9UEHP8qa3U7ZyU7Mjr6A,5.0,negative
csZl3lt8ft1llpK5RZUFSw,3.4285714285714284,negative
cv18DTLCA7ek-jS3O2s6cQ,5.0,positive
cxAkuwv7p4gm4Coixw7h9A,3.772727272727273,positive
cxMvBU1TX8ZzhAZN3L6Pqw,3.294117647058824,negative
d-fDbmNXWAS4MIL9LSY2Lw,4.037037037037037,positive
d3p3whUeb2Mjtpfx5RK5iA,4.0,positive
d3vB9xT89ZVfSS6_n-8BWA,3.3,positive
d5lRa4elFl4jzas3zdZDkw,5.0,positive
d7N5dOPEw7O-JwOEi3rFRQ,5.0,negative
d802VZSvNzCyBp46Xp2SRg,3.4,positive
dH8TeNMGfrcG1rXINki_XA,3.0,negative
dJXJjmfFabeFd8yh1W92hw,4.25,negative
dJ_GrmA4IO3Jy1mxelyr0A,3.0,negative
dKrooQMq0gwDtrvAzfDlog,3.8571428571428568,positive
dMEr_XitO-5S_ezNC6EYZQ,4.1063829787234045,positive
dNMlgVvlmUA8e4r5qhm5aA,4.142857142857143,positive
dOLy4RW_g9KL6FpgBDswyA,2.5,negative
dVCY7bSTZPIH8rhXEKB5nQ,1.0,negative
dVU0iKDOoH4QVkcCE7hdww,2.6730769230769234,negative
dW0YpE_Wc2q_FeNgRBuM7A,5.0,positive
dWtW2pbB3o97PpdoDEZ1rw,1.0,negative
dYAWMqUQH1B1E3NtE3jV1g,5.0,positive
dZl-s2g3oYdaegpxfvOOBg,3.0,positive
d_8fXdA3E0IW44NYqt6haw,3.5675675675675675,positive
dahcSJ39NWDLBOCBTJMcLw,4.5,negative
deEftm_caqxP5MtfR2i-4Q,1.5,negative
dghrDvJB7_b5ZDWQi415yw,4.0,positive
diARf6WixT2nsqpxr-io7Q,3.0,negative
djloNcOAF7ZXmbVBTmz7vg,4.0,positive
dlQAs-cwYcpLZtuDOn-j0Q,3.1428571428571432,positive
dnOGnWXvfN-dCbS_5WhEiA,4.785714285714286,positive
dnd2QLnFsA6aS-nS7bOvwA,1.0,negative
doMpF2X9a2F8WoQH78ZL4w,4.090909090909091,positive
dp_qFMNqisw8_uEsxRpYtA,5.0,positive
dpzi0gv6hWh6S_KOdtQDzQ,3.352601156069364,positive
drG13GfrP3e3SWOPfTJLaQ,5.0,positive
du3EdhFJNWGTeJ5FhuNliA,5.0,negative
dxisom1d-Ff5lhOQflqscw,2.75,negative
dy8tzkfSnDUJhaAHze7ROQ,2.333333333333333,negative
dz5GgFr67q820IhPni1L-g,5.0,positive
dzKS7PuLn36CeMdXVhFJHw,2.0,negative
e07Nwa9Sin7KsY-VrasnCA,3.2,positive
e1xl_OLeepFc5dHm8Ec9oA,2.6666666666666665,negative
e2oP1oS2sP5HyGWZ4NIdRQ,5.0,positive
e8_HFaxbhLlgiVPU-Z7ZIA,5.0,negative
e9D6_qx9ofAVOF-4BoPdEg,3.0,negative
e9xtSYxFsG-iZRqOEFgjTw,3.8,positive
eAMCiv9VjgFvcDmREaQm-g,3.2,positive
eDL4WayYEWh8GMNfYBGZEA,2.9090909090909087,positive
eF2MDkrP7zc2EwCvcLnzvw,4.0,positive
eIWuUdgpFnvqBATlYL4Y5w,4.5,negative
eLiGKL-jjQ_iy4n_in7IFA,3.571428571428572,positive
eMx_3_p1cweIUUr8OC5gRw,2.5,negative
eORdeYwylk75Ub06OzQTXQ,4.0,negative
eOoIcNS3u8W22asH7aDWSw,5.0,positive
ePybir8tyXhcs_2hNHfndw,3.75,positive
eQWcmn_gNAl4sy4VxhqKwA,3.727272727272727,positive
eTW0w_15rtQ2tzXwDHddIQ,1.0,negative
eTjl8rHLGWWhc65cFjcDLA,4.0,positive
eXsDN3eADwJRRiApiFLOFg,4.0,negative
eZ-RWtzYyMoLEpXBAEgCGQ,4.176470588235294,negative
eZx4x6wWphM9hZalm2L1lA,3.625,positive
eah6d-FbKwj5JERwoJWejg,2.6666666666666665,negative
ec_GD1sUuqA4teHBic7vEA,4.666666666666667,negative
edz8iuhXz4gedTT_Y7FYVw,1.0,negative
ee0Os-bxXPuYk6y1qOz23w,5.0,negative
eeMlaaZELyAtK9uh1_Pc9A,1.5,negative
egeDp4KcOE75oF1FQGnL2A,3.4545454545454546,negative
ehPIpB_hdyUboTLKsdx0Zw,3.0,negative
ehopCz9TsdgXtm9AlXqmsw,1.3333333333333333,negative
ei0OdCx1xjdPZ5umX1IFzQ,3.0,negative
eimYgY0_Us-36ioIFLWA4Q,4.4,positive
ejwxKCQqJguhCKXy1zvspg,4.0,negative
ekVcqmHy6uKgjxyUiZ8KZA,5.0,positive
emQGERz4XmNXQIRvtstHTw,3.0,negative
emywLyn-d4TpeZ32U36KQg,3.25,negative
enth-cdxROZiEAnt-LUcSQ,3.6666666666666665,positive
eoZLIn59nT7Fo1pxT0l1kQ,4.0,negative
eoskzWbS9jeQKWwyIhxSig,3.6666666666666665,negative
eouoOadI4bWZqBRxWhok-w,4.422680412371133,positive
epqL0djIWJoPznOWyVRqZQ,1.0,negative
erlDeULfNPkKSS8OOhvk3Q,3.9117647058823533,negative
euGwDfih4Sw6oSzOxXhcvw,3.4,positive
f1Nhy4PU3Ew1m20DshO3Zw,3.294117647058824,negative
f9PRL60n5G6Lx9RHDuHLYQ,5.0,negative
f9xJtPVQInb0f5pX8OnMVw,4.6,positive
fA1CgHt7ysvtEIkNfytjWQ,4.333333333333333,negative
fBtCaQfkxzNdYu7PVcjHCg,3.333333333333333,negative
fCh6ivwLYfSlN1m-c6uYuQ,4.0,positive
fDN-mP2lh9gn5UmSrykkmQ,1.0,negative
fDNKPpL5Ey6Ff7KxE3OyyQ,3.25,negative
fFe5r3eC8511L3XEzgsBDg,4.0,negative
fH-RY89e6l5-QqHI_w1Uew,4.5,positive
fH1aZBm1RnAF3_2eR9oY_g,1.0,negative
fH7EwQ9j_Ab1NJNYMoHA3w,3.9696969696969697,positive
fI54A9YMXypKjr7oIqRXng,3.0,negative
fJG31-YFk6ua1KPmVeYeug,3.5,negative
fOLTAyBye9a9k6ejaSMniQ,4.0,positive
fPswqINLifIqxckfERWggQ,5.0,positive
fS47xXUYAK83elebi2ZTuQ,2.6,negative
fVkpLWJncAxuWauMM31ikQ,2.0,negative
fWLG1QNLhrx1spU2Rqwj4Q,2.125,negative
fWYhEzAO5h2t1RZmJl5FZg,1.0,negative
fXttOSv3PVVVwLRgvaxfKQ,3.1666666666666665,negative
fYZIWZRfXZxAasnvsihw4A,2.083333333333333,negative
fZ5QvT_Q_HrMt9QlIYvcEQ,3.0,negative
fZMMj2dXMFCLq47SqDGbwQ,4.0,negative
fa3censwK4_6394xXSiAtA,5.0,negative
feGi8DXhA-zghEdwjdGCNw,2.0,negative
ffIX86tD0fghS-ZxsdqsmQ,4.333333333333333,negative
fhEM0SvOhGKthlSDBQIa9Q,3.0,negative
fjHe3M1WDb-Jrbhoiomp-w,5.0,positive
fjYphrU4JX6nKWVekvo1YA,4.25,negative
fmOBwqjIU7Zgyef7TIEbcw,1.0,positive
fncZ7JmEc1Ke7XnfwAZZxg,4.0,negative
frS8eDV3w7dmi4zMzUr7Ig,3.04,positive
fs9KhIYsNdONQv0zF6DjBg,3.3,positive
fvNbmzq8uDCo9mx3PM1FWg,3.333333333333333,negative
fwQMWkPAvKQHI_xAf1SB5A,5.0,positive
fxCNtftuU_G_WJ_snMKu9Q,1.0,negative
fxq1eFWnFA0gFIyWgg6vDg,3.8,positive
fzmRBfcH10IVQQAU28pzig,3.75,negative
g-TMs3MChYsIcnbRe3SKPg,1.75,negative
g2CYIkk39sm7tqO1peyCJQ,3.1304347826086962,positive
g4qjH4atzXd1PCAlMpVb4g,4.0,positive
g5815uiIqJkqYxtySQOlJQ,3.6666666666666665,positive
g5FEgT5Q9jP45Zm9F5ojtA,5.0,positive
g6BCAoIPt9SPjS6s44_9RQ,3.8,positive
g9JkdQgJ9WIV9MgTspDE3A,5.0,negative
g9ukN62XqdV-_ngWutQfiQ,3.0,negative
gAtDumb5pOEhC7RBw83TlQ,4.0,positive
gBa-ftLunkfagcCVt783IQ,3.0,positive
gCjCVmRR3urBzTbEvX3oEg,4.0,negative
gE50zzME9WqNN0FzqhdemQ,3.7777777777777777,negative
gH79U-jPNNmDW2D4n6SWUg,4.0,negative
gI7H-XXbYpMQMFWhOdWTyg,2.5,negative
gIAxLLu1nVdMwFboGXKBiw,2.9090909090909087,negative
gIWHSle9VffD3mx5Pg-eiQ,4.914285714285715,positive
gKqYOhMYmMQGssFYPKmlCw,4.0,positive
gLGaIe3tmbtI1cKRsF_pwg,3.75,positive
gO2toRjR8dylHrSvzZWUjg,4.5,negative
gO5hsj5kqgstbc7J7_kjnw,4.4,positive
gOYvameEHcCX40i1s6ReQA,2.0,negative
gPxBnJC3OgSTunDPR6qfGw,2.333333333333333,positive
gQ_Wczec7YGE8fvUC4tpcA,2.8571428571428568,negative
gSixifGJO51MHlMLlv0ITQ,3.782608695652174,positive
gSm2jn1odOiJVHeD1baM4A,3.2222222222222223,negative
gXjIb5T1MbZuUd-5zOwFLg,4.333333333333333,positive
gYFdMvFMpaYM7IcajwmltA,1.0,negative
gYOCkyBcZJ4OYBC896jHlw,3.1666666666666665,negative
g_zHxALvq-FNLNeLIWXn3w,1.0,negative
gdawkY2XVthK3Kgk_FYe_A,3.0,negative
gg_XgMB6qyarXXYhCK3OiQ,3.75,negative
ggpvV3_tYuzgHZ04x0Wfpw,4.666666666666667,positive
ggyXy8tnmWHFh8Wn1feKBw,3.761904761904762,positive
gh2AEFaPxI1-sdMMZEG_Ag,3.3076923076923075,negative
gi-jQqZuWEUEW-X6YaS-jA,3.1666666666666665,positive
gjc6R0k-C0g2ZOWYqkynXg,2.5,positive
gji_zsAKDCvaFxgJkFaEVg,4.75,negative
glDUvFwHVtgsY3hR7CByEA,3.6666666666666665,positive
gmHuSSKzC9Vo7hsLbWLbbA,5.0,positive
gvsIEeE-sxFqrylDIjTnIQ,1.0,positive
gy1ZKt1H3XNwBYZOcj9GdQ,5.0,negative
gzB1SeXTLG8kTTjgyNeuQw,3.5,negative
gznWx_7kzY-_wKFRojtFQw,4.333333333333333,positive
h--YSRf4RrZOD-5BifQPLQ,3.6,negative
h13_59yIAoB1gBy75GWVTg,3.0,negative
h1e8EsrD1sW2gHWTgCb_Pg,4.75,positive
h2qYzs3xCgvE5cdXaTD8QA,3.0,negative
h9b8WCFOF0Y-ONQuzCWYIA,3.333333333333333,negative
hBuQmZMcVFxLoSmBpy0lYw,4.045454545454546,positive
hFJQ9vAg1urt-9iYkJUOCA,3.8,positive
hG-m5ekPXW_zhFAalZk-uw,3.0,negative
hJD9hQWvBW3t8Zbv7E44AA,4.0,positive
hKkbvvEfhcx7v8v7PCJXEg,5.0,negative
hMN9J_EULhAEInOkag5DuA,4.125,positive
hO9z3VAJQzu6-6athR4ihQ,4.0,negative
hOObGjVg1CsdSIoTfXKclw,2.25,negative
hP9TC78PWssTGs-c6ukUPw,4.0,positive
hPBZ9mtReYHN33PgPd6TFg,1.0,negative
hSu-DGhQrrP0eMdZ5G37Qg,5.0,positive
hTgF742N5avP8yL_lCk63g,3.75,negative
hU-G18lQnDiL6GQ8BCFALA,3.9230769230769234,positive
hW4FtwtCQUI084rEE67VIQ,3.0,positive
hXcZrpfXTGQjyw8NC4e97A,2.0,negative
hgd4tj09Zn8Hy7e766XVvg,5.0,negative
hhXtwlpITNO1AVL1aedJvw,5.0,positive
hiCkJILkiUX7OkjHm3USsw,4.0,negative
hiG-qcQFqEiSXyG_ek9ZyQ,4.25,positive
hiJMiKoyP24G-0oILI8d3w,3.183333333333333,positive
hkqf1gVQJmDGh5XO4KNG6Q,5.0,positive
hliPhBv_4Ar0MA8KHy6mqw,4.333333333333333,positive
hnEmCOKzenY6BkrfAVGi3g,2.333333333333333,negative
hniem6wH2UuibYWiTYgNzQ,4.666666666666667,negative
hqmoWWx7jtxH7I-Se81D3Q,3.888888888888889,positive
hseKTTKqmIT0yynFUnF65A,3.5,negative
htLY-VEMrXg6z5YxenTTlQ,5.0,positive
htizO9nOYotZQp3Iwd2PZw,5.0,positive
hwKh_SFbnFNifuHlTUxfyw,3.0,negative
hyyQGHPBnEbDVK1oo3jdVg,5.0,positive
i-qwBGohGRnn6E7BosJSTg,5.0,positive
i09veaU99CBezRRZTmswLQ,3.0,positive
i1YHH-LzIBH5iJtRumtJyQ,4.0,negative
i1hvnxiwBa8hvG-tPH-FWQ,3.0,negative
i2LY-w3dNW5Zzcm4w6XHPQ,3.533333333333333,positive
i5UiSKjxM8-ibG0I7fuSvQ,3.6666666666666665,positive
i6zL6_fhaJz_MyruJx3z9A,1.0,negative
i76xkmK60liZf5b1x5AZ1g,2.0,negative
i8VDIqNaIBQP0dmRXVV8KA,4.0,negative
i8jPE0bb-tnc3eMN8Vv2Fg,3.0,positive
iD6SG_zCiUbqcPuN32QIHw,4.5,negative
iDCm0vg9wTeC-6fgpgHoDw,4.0,positive
iDiSzIcFdILdiLHf2Hop1Q,1.0,negative
iE-f279-yKL23hgzBJngLw,2.2,negative
iF4UkoGUMBxuGId7wBwHDA,1.0,negative
iFHApcpCrIoYuvPQJKu0Ig,4.372093023255814,positive
iGFLwc5sEWhoqghYPqzLMA,1.0,negative
iHubZXCGbYdw16TvfU5GKg,2.75,negative
iKrvwY844nyHWkk1ZIxNGg,4.0,negative
iM1xubql8Losmqxzdjc4yQ,4.0,positive
iMLYWqumQ8y41mNRFL3-TA,5.0,negative
iNxkCEIBW08hSNKwJN7Q_g,4.066666666666666,negative
iSyJ9Hf4LA94QtGdJkO38g,3.0,negative
iUWJoWJlTfqZrlvMvcgdQQ,1.0,negative
iX9dd3qg8GSFd82ZFaRdWw,1.4,negative
iXzQYelNxUuP1XsMDvEsLw,4.0,positive
iYZZmQGHC28G-oZcIa4CUw,3.8461538461538463,positive
iZBZ977GeFuuzyOl5Iz0yg,3.7222222222222223,positive
i_8xMxH_Ftp4E197CxUUfQ,3.3076923076923075,negative
i_Po4JpRK1DWfEBzxtkyuA,5.0,positive
iac-yzUqZKqCGVSZhWONvw,5.0,positive
ieALOkyM3XuSQrfJ_JLG5A,3.8,positive
iexkWdKxVPBhYgr3mqWlqg,3.727272727272727,positive
ik7AItX8aAsIPvDGp16Bqw,3.2,positive
il1u6WkqbnqQ_uP56xyVSA,3.7692307692307687,positive
ilFMsAj8fbyxFZqPV5gixg,4.4,positive
ipOnZ3HVypcvDOJOvIxWYA,4.75,positive
ipinTVbslsMfSaneB04zww,2.0,negative
iqXgd3OnDmuHGrtRKusUkA,3.75,positive
it9GEjDcL-bfAjtyEOg61w,1.0,negative
j15u6g3ULx010Q-VspelbA,3.0909090909090913,negative
j3TxRholLijW1atv_jixMA,3.7,negative
j4Hfca8T_8YbrLIPL-2ylw,4.0,positive
j5F2uOcwAH-fSIFVwxQvYA,3.5,positive
j5FB2gQ4LgN6zfnjVFVSZw,1.0,positive
j5f0rKsLM32yiARknojJVw,5.0,negative
j6_1lkGjiXug4ndVTsCp2A,4.25,positive
j8OouzDMQNq0lH9ci5mQkA,3.6666666666666665,positive
jAR8uR_hWw6MQaKO6pdTRw,4.0,positive
jB_MMvvGgntxyrJdMZXm3Q,5.0,negative
jD4Kth9RDwTJTtt-Xm41ow,2.3076923076923075,negative
jE5xRrysiZwF7xPUiu95qQ,4.285714285714286,negative
jFE22sI7-qhFvhzafXROag,4.0,positive
jFgJg08juDynAZsiBkgC0Q,5.0,positive
jIEybNqIRFGRRZvVDsL-gw,2.5,negative
jIuuCQR43r-q4t5kfcoDHA,4.0,negative
jJ3R_3MLB38R_PzrKzKuAg,4.0,positive
jLaM3vekpcI-v_WGwMmPHg,4.565217391304348,positive
jOuCUOCFO2s-7nxuR_KTsg,4.0,positive
jPcj6gv1C8ILNez8b2FwTA,5.0,positive
jPkbsGAke4HMHODgXM0Djg,3.25,negative
jQ07EXdqUJ3o8Gg020dstA,4.260869565217392,positive
jRgbwWsq8i0cdjSLkSlwAw,1.0,negative
jSzZSaOHk4DPKzk9FpDbEA,5.0,positive
jTENv9ndQmpD2Rm4fxPISA,5.0,positive
jTe1D2GmoxHdZOA_5sLZgg,1.0,negative
jYGxGOJtnvry8OaSqML57w,5.0,positive
jYdl3hODJBd1okUT_3jh-A,5.0,positive
jZwRQmiplPC5lyn05CqXgw,5.0,positive
jaMTiYTR9jhcbmSt1Z2dhw,5.0,positive
jfRKmyb6GSRImO8t5EE88w,3.8,negative
jkJgeuxKApa5Ok4e3_oe4Q,3.3260869565217392,positive
jlX86Wp02fE3VF_PDffxqg,2.333333333333333,negative
jqgFF-paoDXEf105IMUM_w,3.0,positive
jr1oOb4SRVThQOL4Zos5mQ,2.333333333333333,positive
jsRvmUzeG4zw7ZVmAG2t_g,5.0,positive
jsT3Yn7JuUFSDmdeAHwxyg,4.0,negative
jt-XXLfjbrTqMCwsCINZzQ,3.5,negative
jxuH7pXBRP2AeYl3iZVM7g,3.4285714285714284,negative
k6QOSLR_6HEOqPjwg2KE1g,3.0,negative
k7nXrhac88zD1n8deIoIaA,3.0,negative
k7wldp_KyN6RDiMK86fzGw,5.0,positive
kCOXYG119YKaDZOwvqM5UQ,4.5,negative
kD5GSsbyztABNB2-jMYRFg,4.5,negative
kF_zIn8Wk72iQ5pvda0HcA,2.0,negative
kFbnhGBunOGVxxCC19MBuQ,3.0,negative
kGGVbAud85nbHXhK4YVSDA,1.0,positive
kIuRzPl_JOOeEZxAAsDGPA,4.0,negative
kKg8o3dwd-aSqMdqJWa3Xg,5.0,negative
kLbrYBWRcmiGGmQINaYkIQ,2.1666666666666665,negative
kMntXJQiqAh_fkFWTGu4Qg,4.0,positive
kOgcYAj4A57t_mbPPY4WEg,5.0,negative
kOyjKC8jt-9ch3iGtblb9g,5.0,negative
kSfaw45havxrIHjmtZHLRQ,3.5,negative
kTURkH5NCngv-SJIBETw5g,3.0,positive
kWOELNlUM14bv0m-slvq6A,4.24,positive
kX3PhZAz30cppNCMmRxo6Q,5.0,positive
kXBG_G7Zt_CXNG0043JuQw,3.5,negative
kZDtPqDZ2v2BSGcNCsfKQA,4.25,negative
kad0yTdxyBRSIzGNuJGmDw,4.0,positive
kbGBOi-iwuETmNUoC9EseQ,3.5,negative
kbtisZOD6By-10jvCXgpoA,3.0,negative
kbxgwzeEkDEi4g8a0xa_7g,1.5,negative
kcsLq3hPJ4ImZZizUIIGKw,3.1052631578947367,negative
khA673Vilb6MR9ZUS9FFow,4.0,positive
ki4xvg-ZLzXDfDMQwnMXug,5.0,positive
kiBIZhuf74GpAvhR0aQN0Q,5.0,positive
kjj3e75YWvW2HR6QMNsGtQ,4.0,positive
kk0pyNoopIFvts-luEl_1A,3.333333333333333,positive
km58VZkRurUd1I-kO3VpUw,3.0,negative
koooa20z-HQiwO2rh46WZQ,3.0,positive
kr7qd033PuVWOa664Za3hg,2.9090909090909087,positive
ktLcKEEYB9NAv6sQNj7uDQ,5.0,positive
ktbSZBpOTNC0pQ4e5f5HsA,3.0,negative
kvEtzVP5xwH9AS_oC3aXbw,4.25,positive
kvhjDnjlzNc00c971D2mGQ,3.0,negative
kwOMEjfgPBlcBbdjh58WMA,3.0,negative
kyQvkFnTTCUrRMZlXGwlyA,4.5,positive
l-BMWMnj56OxQ55DioQO-Q,3.5,positive
l07y_zEK31xi0v_IYvH8vw,2.8,negative
l2iL3HoeI8UUmX_XRE0vUw,5.0,positive
l4YCOAHrYyUQRWBJLJR30w,5.0,negative
l63weOwJg5j8TKaIXKl2xA,4.0,positive
l6zcQ_OexTVFA85n0-xmyQ,4.5,negative
l8UBwRko7ztwSZfoLtIVaw,3.2962962962962963,positive
l91UxT7b7IkCrqnOL8Deyg,4.333333333333333,positive
l9c2taNAQPRfSAaD5QsRKA,4.1875,positive
lAp4y8xHV9y5c25wODtweA,5.0,negative
lD84J-_VcpddvukdImRu4A,5.0,positive
lDVAVEPaVSqHzJ2a43_IMA,3.53125,positive
lDjp8lqLa-39vpdpw6KjuQ,5.0,positive
lFeNMaWCjb9HIXHAZSBfag,4.882352941176472,positive
lJkj_0CzrFqcl6V12pKLaw,5.0,positive
lKxloRZecxgf0mmpylIQ9w,2.9230769230769234,negative
lL2kYjwTjs7m3QH3sUaCKg,4.0,positive
lLx-K-33XoGX7aEmqAp2KQ,4.0,positive
lNtzHRK9WfEDqh5WyG2ScQ,5.0,positive
lQmMgXpmcAOnbUic7LXyxg,4.0,positive
lUNMd4ruXrBsfTdvqtmSeg,4.0,negative
lUV35UwUWdBhFYil1mOr-w,5.0,positive
lXcXm7YT6s-FkWBTyoScJw,5.0,positive
lYKn_TKwzudoIYplL2tGDg,3.6176470588235294,positive
lZNyQIU-wrVZ1Ub2GE6J1A,1.5,positive
lZd7qeG9q3AHdna-usxcsw,2.0,positive
lZeGLwlh7R0leNaP40ikXA,1.0,negative
lcML4R0fw3axdYPjcYPeRQ,3.2857142857142856,negative
lce1pN2zQsEoOnV-WI-E2Q,4.0,positive
lf8WcC4IvzvmvlSmYIoi3Q,3.9090909090909087,positive
lfRMKh1TUDCXNSvyZuufaQ,3.0,positive
lgiGD74_ZM8pTvIyGslJ4A,2.8,negative
lii2QlHeWKSG-IgAec1ZwA,4.846153846153847,positive
lojgxxLqtghCndlpwYBdCg,2.0,positive
lqNs82Pdxw36Buhqqitz9g,5.0,positive
lqWr3vCSbB_PWqj8b-E-yg,2.7142857142857144,positive
lu_6utZKH4KkL79ADfjL7g,2.0,negative
lxKHPPeSdgqOnx3uCmyG4g,3.0909090909090913,positive
ly14yQJCHeKwoo4QDfa5vg,2.95,positive
m-5_Sh8GzoYr0FVGnO-xQg,1.0,positive
m-J42eEuWXJ9Nd9mIHvpYA,3.555555555555556,negative
m298wHi_OsAgU-8gpBtEHw,5.0,negative
m2OBd94EhMNy-dAr5S9FKw,4.0,positive
m6WkXWZt-ISEb5Pcfe4wiw,5.0,positive
m8IY7_dSSg0aOl34AjwtVw,3.0,positive
m9cimKaeH8Q6CrcKH12Nhw,4.3,negative
mAF3J16QvCzUsd12O8BNQA,4.0,positive
mAXR3-qE_ccS2iti4Eq4aw,1.0,negative
mBvq0FTzh5FY8aQ-xJ4R2Q,2.888888888888889,negative
mCuOqteoCWnFvkVyhTgdhg,4.0,negative
mDjyckhNZtxGeFENw9Al5w,2.888888888888889,positive
mEAuaubbgqIlZ8k1pew5Sg,5.0,negative
mFj3waPReOD2vo8wBfwrOQ,3.0,positive
mG8lfA9g0RsqnBOsm4lSkA,3.875,positive
mGgIPoMocdQsY6hNoFH0MQ,3.0,negative
mGhelgrPvYfWSoAGQic-pA,3.2307692307692313,negative
mKjzxWaaKuI9zvTIpyvn6Q,3.0,negative
mLSlxbRsnnBk9Cbzg-kXIQ,2.0,positive
mLdvQGAFadIJkOlEoHsI7w,3.6585365853658534,positive
mLokTNz-XIQrQ5bMB0lfkA,3.0,positive
mQHLZ6bxMsz9H-IyrfkQ8A,4.0,positive
mR1_4umgl7VlUiZphKpQtg,5.0,positive
mSDUl7lr7LOtsChFDqFzxA,4.0,negative
mUte6SLBDWHBts7vrCK1fw,5.0,positive
mWcyjym30t93ElEaWhWoJg,1.0,negative
mZiSQz4xjHoRCNSSnFAY3A,2.375,negative
mZkg66Hxl7bqGB-MSZ7QPQ,3.0,positive
mZl7Y3pCee3wW_P6gw7zoQ,4.333333333333333,positive
mePTM5r8gRE9FXTbRPnhMA,3.44,positive
mgM15wXz3Il8iU6T1LPpIA,1.0,positive
mgnkGX1PR3M4x3fNYmwXrQ,2.25,negative
miYKBz-Z9eLOeyJRSjV5WQ,2.8474576271186436,negative
mjGY5vNyZyDxO0XJREqV-Q,5.0,positive
moCt4rSxxqSCVrb811PuFw,1.5,negative
moEL1pH_my7MlUZP7RP6-A,3.8571428571428568,negative
ms5ge1XY9-Alu7HkybAMdQ,3.635135135135135,positive
msWXb_3mbjcFnnIyV9MUww,1.0,negative
mu1NBDGpWogT-8kVQ6mKTg,5.0,positive
muXrWmqFdrLZBmIq58A4Zw,4.333333333333333,positive
mvFimrcREBIDo-pLAhMfNg,4.19672131147541,positive
mvTZcpgTJIf77yK1G2CBtA,5.0,positive
mvWbKzLTMxVcXr8Gzm5DKQ,3.0,negative
my3_G6GEqtiY_wSypbaD0w,4.0,positive
mz7vFEHlfe88tRFuTd3EKg,2.0,negative
mzNgksPEgjoDrBAgVza9Gw,4.0,positive
n1Y9navLmBQroxZSVeqveg,3.6,positive
n2khgAyytr5ejUxaXxtoVA,3.5,positive
n3nbepXVPXaNf3ZiU_CAgw,3.0,negative
n4qMGs5SBwdNEDiTwE0Qeg,5.0,negative
n5AK1w7xF0bYFadKL_Vzcw,2.7,negative
n7XcE7pu0lFp93xoMV3uLA,3.5,negative
n8ZYT5qesH7UO3OirEeFow,5.0,negative
nBDSjXDvreBaCjyJCFGybQ,3.0,negative
nBl_soaqJY7d4edWuQ1FMQ,3.5,negative
nBquSPcdwqI66iRLpMWRbQ,3.6666666666666665,negative
nDoZIw0D4B_3FUGlP8C3bQ,5.0,negative
nG4CCzWVWn_fzAHaZwcgJA,5.0,positive
nHYO3_bpQ7OoxN3HPHRTKw,1.0,negative
nLQGeCvUuroe-3fpAiy3Sg,3.0,positive
nLV7GQhmAKreEZypE7uIxg,3.3703703703703702,positive
nPVD4LB1lEiSm9O-ygHMFA,3.1333333333333333,negative
nQFfsHZMHrmY4_KrUxH7JA,3.4285714285714284,negative
nQTwMDeKQea_UN0zjt3zOQ,4.0,negative
nQVGXm-cqKgIZ3VoIQf1Ww,4.0,negative
nRmnyYcIMdystK4hDMAEbg,5.0,positive
nU0surZoQ6s45hWW_H3jzg,1.0,negative
nUNF07CjBiOs_5fQa26rDQ,3.333333333333333,positive
nX0eoQLMANnKZAQbB_1vxw,3.890909090909091,positive
nX1azMCVQ-THDAcWQ3Znpg,3.8571428571428568,positive
nXYCJrYqAUpVNSTCR2OOLQ,1.0,negative
nZAWuqQX4UnTq1UbB5tliA,4.6190476190476195,positive
n_7TVJMS6WH9xG4uu6VQpg,3.0,positive
nd08jecqusgOxPwl0k1mkA,5.0,positive
ndgcd0qL9Q-fQtigivvYtA,5.0,positive
nhAl-TYEPMZp6b4mzLRnzg,3.1428571428571432,positive
nj6tAmQPVtZJAiI9jC-cAw,5.0,negative
nlNEx33_YIYdXVg8AK4Qhg,3.25,negative
nmGCgbqLJrXs3G_w87UisQ,3.571428571428572,negative
noBXIopOA6ZrGRrFtW-70A,3.272727272727273,negative
npq8V_su65_q9e4zVmf6sA,4.666666666666667,positive
nqRaLp4JIqwgJNd0K8gZ2w,4.0,positive
nuLGWYv4_rKLQhBg3gThFQ,3.0,positive
nvYqxcdJgbHkyBbbTy4Qfg,2.3125,negative
nw4X_9xAdIWJ-ONPMnUb-g,1.0,negative
nwdz1SLdn7yJMdwS2j5S6Q,3.5,negative
o1ZWylJZqxelYyORy4kibg,5.0,positive
o4CNw8nutwdxpPPybdB-sg,1.0,negative
o4NcUfco7JxOcyfKFWyAhg,3.88,positive
o5A55a34aPwlU55NJ9D0BA,4.0,positive
o5rQGrWg2mGBaIn0PGA60w,1.0,negative
o8UCeZxg9qpgK1pwshxwmw,1.0,negative
o8YlOMc-0xr53QETEHpPPg,5.0,positive
o9bBstQWxbj4r2svhEGVTw,3.7,negative
oC9poEdLckAO-f-89rxNEw,3.7142857142857135,positive
oFJum1xrq4iA4CPwTdOaew,1.0,negative
oHKfsAyQJK8fKvnB8Jvd5Q,3.75,positive
oKKDtSCcT1b6F0bHyKjrHA,4.428571428571429,positive
oMdSPXLsSUXd6gIewtH7kQ,3.1666666666666665,negative
oOWVEXTTiUfxixGXFT3z1w,5.0,positive
oQxNU3bej6cGbxAsW3Q6_A,2.333333333333333,negative
oRkBpYbMGg_wEoUW3JvV5A,5.0,negative
oSI-dZMCdp93NJIpYM-CUQ,4.0,positive
oWSjrSJ6JTrx2I2oZju_8w,3.0,negative
oWpGUnJk-W3xHNekCZ2v6A,3.75,negative
oWr6tAFc0WPSRK1oqk254g,1.0,positive
o_OOT4mq5BIoiYk5XThsNA,2.0,negative
ob8DDY3DxytMJKgBO_dYaw,3.852941176470588,negative
odHFdfkpV5qQpskuEFd4gA,4.0,negative
oekZuls0GiJXpPt6iNNPlg,1.0,negative
oeqo_YONXZuRBeyC419fww,2.25,negative
ohhXZn76vzYNmGw4XjZC5A,3.8,positive
oiUrH28yFo70AVmygj0pVA,4.0,positive
ojCaK0Z7nSMB8gPGbyjzAw,4.666666666666667,positive
ojZ95yYtBVIsTJQpbbSwsw,2.975,negative
ombFdaEQJ_K_axfEaOICIA,4.571428571428571,positive
onDHBg58J8SpVVv44wHt9Q,4.0,positive
opUmTfpDMZ5XNCZEpRuhUw,4.0,positive
ow4nbP42cVK5zQxiW4D86A,2.9,negative
oxXhUkqoxo9B33SBL73YPA,4.25,negative
oygq45Un8P21YY5r3bebhQ,3.3653846153846154,positive
ozXrBwTRmoHtz65LPIraGQ,4.5,positive
p-XQPdaPUAqESVoqyocRUw,3.8235294117647056,positive
p-w4e7tdZNWEqCAlgSWy7w,3.571428571428572,positive
p1_IExGnOX-5tYclHSVlhQ,4.166666666666667,positive
p2KxGY6wKgAowBmwZaTH8w,3.111111111111111,positive
p5YKSdpgfJH0oR4y3KdmNQ,4.0,positive
p9su7Q61mmgleauIr1kysw,2.555555555555556,negative
pCv3vPscI_At7sFrypjEtg,5.0,positive
pDazsa8J00W2t-ktCEMC0g,4.5,negative
pDp2uHaSrMvActzOljbOmg,1.5,negative
pDsN-sqVMzNOETFwTisrQg,3.0,positive
pH35h7-a7jRiy9w_-6F_yA,5.0,negative
pI5ZbsDnjP-sF2UBUmsvpw,4.169014084507042,positive
pJjjlIpyklFgfNfqdAb4fQ,4.0,negative
pLlgdzsJ0ntGU5HMhN67VA,4.714285714285714,positive
pNYel03k8wRg3Zwbt9wy9Q,5.0,positive
pO4I4wDkyTOQL3lVhTrEPw,4.0,positive
pPAjeFLuwtrYmiGdLAZjxA,5.0,positive
pQ0sG8FVL0bDAgbS1SnT5Q,4.0,positive
pS9mx367e0hCM5r2sFOrhw,5.0,positive
pT72Y2h2JueJ0ecCHJzV8A,5.0,positive
pUYhORAHFHs6U02ClW9k2w,3.147058823529412,positive
pUZiQMHrGHLSxh2XA5kWVQ,4.0,positive
pX7oIH75lXnYA37QuuB39g,3.5324675324675323,positive
pXi3H4MZKo52LmBcp0Y32Q,5.0,negative
pY-cE8nj-U8rAwDbPJrpiw,4.0,positive
pcnGaihUg9RnCCkDR2R9iw,5.0,positive
pdZe5vmQmWGIbaOU0jangA,2.333333333333333,positive
pfnpDFBl56KRKbI2iQfZnA,4.0,positive
pg0GLxLiIpTxEG9DRQT4gg,1.0,positive
pgDtCXCouFck8JDu8kybGQ,5.0,positive
pj_UW8eWhZJGWPOcg4w33g,2.0,negative
pou35h4wfhlEqUxqbDLrPQ,2.7142857142857144,negative
psg6jBQYmL9AFnmIJC37Yg,2.833333333333333,negative
pu6yIiyxQ4zLh9hgWOmNfA,2.9117647058823533,negative
pwZIjoLhZnjl8mQ4UoikiA,3.8,positive
pyHajlDgnBOpYFNZ3a_gZA,3.75,positive
q-T1EHG5A4x1qkZce1xdoQ,4.0,positive
q-n5CAIy6rZMwAx0YBf-Yg,3.7222222222222223,positive
q-p9UD7FhQekiMt0DmOlhg,4.0,negative
q04BjQEOInB6mZF4ZchEMQ,5.0,negative
q0dy950BiJEWOGEeIm7QSQ,5.0,positive
q5UZFNF2jzN7dtiXD2pl7g,3.3,negative
q60IRwHOEUqu7B7f9Q9hWw,4.0,positive
q6O4SnARNB6c3r_RPNMrZg,2.2,negative
q6gUXKIYvnE9vviT3ufBiA,5.0,positive
q9AUsrYTakTMIHJkKA_EIQ,3.635135135135135,positive
qC1z0ILwN9oWhWBF2KZ92Q,3.272727272727273,negative
qCuzY1CNtVO-q7HS5gxHPg,1.0,negative
qEkZiECyndnfqbXNT5gPLA,4.833333333333333,positive
qGP0iI1pjk0WDkz4umutkg,2.0,positive
qGSu8HdlAXQfEzVWkBHpNg,3.0,negative
qIHKMwOh2PVMM3GpfBITXQ,3.0,negative
qJ_iOBrjxU-unMbqRSBv9w,4.481481481481481,positive
qKo95CJS-mLC_O94Q71onw,5.0,positive
qLvMbd-UTvsK-nI3-tG3dw,1.0,negative
qO0_bZxtHP5PcVG2l85q9A,5.0,positive
qO0rBKWUlzGs6ZaviKoBTg,3.5869565217391304,positive
qR1w-xkh9ILBlDZyRVpWFA,1.0,negative
qU6upKhfnnKv3NpEeb9yUQ,2.0,positive
qU_hvWi1R65B2-SZrL0i2A,3.0,positive
qV1DKtmUrUm1NOeL5sWk0w,3.0,negative
qaY5kcomlU0MT76034trhw,4.409090909090909,positive
qcMoKT4bMkmVBmc0i8A9ew,3.5,negative
qeSP5-Uy1rGPvD1tTZG8Vg,5.0,positive
qgboN3_GhvkK1q1ID6ylQA,3.0,positive
qgti5xJUQhrxh-J4K2iAzg,3.0,negative
qi5BFaECgpVRcOxTEOx6Qg,4.666666666666667,positive
qiZ7NfRvxzsxeacDqXwQyA,1.0,negative
qj7c0-a5MgiLCTOm9PrfRg,1.0,negative
qjwOs0SR8xyJSBnasYHlbQ,5.0,positive
qm--okQrqx2rgDgi6sCCwA,3.0,negative
qmBLKuCxT0S5IwaXuIntqg,4.0,positive
qn7KUw-QbMQNXcT0zDwiyQ,5.0,positive
qrdK1tLnuVp0y3l5OdNeIw,2.5,negative
qvqtINVRbFZYMdgk7KyCpw,2.3529411764705883,negative
qvtX0xhly649WeCmJ6wyug,1.0,negative
qwHx4_CXl-WKO57PG2kpWw,5.0,positive
qwUCLvnZLsa7qyMqFsGQ3A,3.333333333333333,positive
qy5t_6P9KmAd4R9PIBVbfQ,5.0,negative
qyHkbIRhbm2TkbKmCpsaew,3.5,negative
r1vCqtOFVT4ecpo4ECi_6A,3.25,negative
r3sjq2rLTnffflyTjcPqWw,4.0,positive
r66uR6Y6ckrRooMxqC6XAg,5.0,positive
r6sVSAqaVQfU27PKYmQ4Ng,4.0,positive
r8yNP4VC8eHKA_AFMSS9Dw,5.0,negative
r9X0Rmcylp05q3lhOwUb3Q,3.9090909090909087,positive
rAS438KhXpJ5G5eksw4QQA,4.25,negative
rBWSyqXMF2cm8rjOdaQa8Q,4.0,positive
rCG3fBrxcTTlbx-CpledQg,4.2,positive
rEsYt8-WndhJCEFtjWUs8w,4.2,positive
rH5lmQ9fkr5pByNirHpIWw,4.333333333333333,negative
rHQf9K6Rm0WynQHscn9iGA,2.0,negative
rILmjGQjfCuKbrTFFFR_7g,4.0,positive
rKEMwbAU3uFWBiX7OELRmQ,5.0,negative
rKOZCb77x2lVJEr70ZGN2A,2.555555555555556,positive
rLYGmKy3nypLrddbRmw57A,4.0,negative
rR9Vo4oShRrukR5tCHnNWQ,3.4545454545454546,negative
rVBwPqY-rufUuJqIF_iMiQ,3.0,positive
rVgsEDefgPY7Wh-3RlhQPg,3.547169811320755,positive
rWh7Gs5BBOSLx2jVbAI3Xg,1.0,negative
rX2KvqZwnKMWH2v91RxWNg,3.7142857142857135,positive
rYQfQcR1CsJ1-GtwAQf1IQ,3.5,negative
rZgwkQU16remvzpH72am9g,1.0,negative
r_GyCWJW2jWxZZD-QezE4A,5.0,positive
raFJsOc8GV6eyJ7dZN9BLA,3.375,positive
raQB7ebQsPeAfV5xXC5JvA,1.0,positive
raxeLdpeY5akfJSt7TDdMw,5.0,positive
rkvQkjCAxhgRmu-kfPyQnw,4.333333333333333,positive
rlGJEN3g98pJqbVtc061Kw,4.242424242424242,positive
rlj7RlbXwCkY15tel-Xl3Q,3.333333333333333,negative
rpQV9KtdFV04tNyq5hSyqw,5.0,positive
rsN2UyhzLzKCE3pkAHS_WQ,1.0,negative
rtZiJiTxeuUaE_yAmoKuqQ,3.6666666666666665,negative
rw5uFM1XtKYoy9V4vaFiOg,3.333333333333333,positive
rwNTN3SshrbnQ7HSqWx-9g,1.0,negative
ryJ06lKeoakUKiqjIA34hw,3.4705882352941178,negative
rzWulqWwBqVOFVEa8sdaiQ,4.8510638297872335,positive
s01KekgF1DW7euSE5tIImA,4.9,positive
s1T7EAmyjxAhYKL90jiAwQ,3.0,negative
s4Ya4uPoTFuQCKwQGuzLmQ,3.0,negative
s6PTg75IDNif7S5tsLnFQg,4.636363636363637,positive
s6q7M_dTkojhnw9pNFI8iw,3.0,negative
sBTtpqwumg5C_D5dpuwYGw,5.0,positive
sCrz_bdxeNTF53DyoX5l8g,1.0,negative
sDbuWMYRKba6qbfGMFUaaQ,5.0,negative
sHf5DXJQ9mgeIEKLLxzetQ,4.0,positive
sKT1UHqeabv4xg1Ju3it3A,5.0,positive
sLV81-MIjN18PcrrJLG8qQ,4.333333333333333,positive
sNizq26osmaulQ8FkU7ajg,1.0,negative
sQxIPCvL6JbqxNwTqJBo0A,2.75,negative
sRrrXHKkCS0wWxa4UliVRw,4.5,positive
sRx-iAj8zIzpf-MGRShGVw,5.0,negative
sU4fq-TWOhvJcjFI5GLL3w,3.0,negative
sVhBjFA3Tspe76vI2Qx8YA,4.111111111111111,negative
sWBUIkbFftyU7mTUhzn9tg,2.4,negative
sWtur78mChDwsqkpY3xsjw,4.25,negative
sZjYUxJEOuH6NZ5Fuhu6Pw,5.0,positive
s_5xBgpVdVR6f1qv5TBqrA,1.3333333333333333,negative
sdB327SIwe6SycJ5bn80Tw,5.0,positive
sdoMmAfM5fAn1s4SL1dQ9Q,3.0,negative
se1nR8pwmwRgNY67dl2zdQ,4.0,positive
se6H9HuIv4lDbCXH_3RaQA,1.6666666666666667,negative
sgTyPsz9ucQmym3finFBuw,5.0,negative
sjKS3BR3LJub0GRob_Gvog,4.086956521739131,positive
slCiJ_7_ul9VYkCeqAjjNg,3.5862068965517233,positive
slJ8a6pZIj1MFECOpl6Xag,3.0,negative
smAmwNf4zy0n4tf8vnZHTg,2.75,negative
spsm0c64-1lBqMrjteC3wg,3.0,negative
srx0CuNuymzivLWQ9x4vEQ,5.0,positive
stEl2PKzW946yllkC7g5rQ,3.0,negative
stI0C70TYFQQ2k22dHZUzw,5.0,positive
sycBoQLfNibTGAC9dgmiRQ,2.5,negative
t0fe25bF9bgkgUeY6PoRuQ,3.272727272727273,positive
t1p_HySMM3BbinKVHrw98w,2.0,negative
t3Gg5wW9wxHO4s9tGBArQQ,4.135593220338983,positive
t4m5trM_qYC3vsHiJRnJIw,2.5,negative
t5JK4OZzCuetIrJXdHLntg,3.888888888888889,positive
t8JPGC-BgT_H-kOaKI5PKw,3.6666666666666665,positive
t8UfBjtqhxy9P1rVSlvHaA,4.0,positive
tCbyNkF5ZsCiciSBlAtfWA,3.333333333333333,negative
tExOREQNuRrNxRLmYxI1Cg,4.25,negative
tFvo295DxAg0WOQznE0U1w,2.9,negative
tFyQiqJuv-3TZK02D5bUfQ,4.5,positive
tG1Xc5HUfgAhXg50G6efXQ,5.0,positive
tH2KBOc0Pz0nc_UCFzMcwQ,3.0,positive
tHmHxwdIQUbmH_v2Gl491g,4.0,positive
tK2qTNOSr-eKwd0qKF-Cpw,1.0,negative
tLgITPBRUtZkiTZ6eaWRyw,5.0,positive
tN__jBUXiGQ9PS-oo4_bnw,3.5,negative
tQeulDzoB1LbBdO5JUL4aA,5.0,positive
tRIplCr8mQBOcmfpjFo2hg,4.0,negative
tRbU92QblzpbCF8fBDO0pg,2.0,negative
tUb_KkWWy_SImJGDNzlgjw,4.2,positive
tUdf0eIkUuWkYx4P4neQig,2.5,negative
tXJjyw6rXkfwdIEWibpqjg,3.9230769230769234,negative
t_BDQvPPzE4Izgp8Xo8WEg,2.0,positive
taYIRPBZoUAVX8OnvAX34A,5.0,negative
tbeileHmwzPm_cyvvyNyuQ,2.0,positive
tdataWnEfBHaC8buVPFpNA,4.0,positive
tkYlhzfyJZPGasI54zISYw,3.8,positive
tlxMOi1b0-rssANDT1K0kw,4.0,positive
tnhq-bCdzWsIRdYy1riENw,3.8571428571428568,positive
tpFuxfSNlQ95zOixODFgVQ,5.0,positive
tqa-QwD8DpkiIsjnrS5J5g,3.736842105263158,positive
trA3qWYXbvA-IjsCeDwZGA,2.0,negative
tt7UdHayOUz4EJ_J30r7GQ,4.0,positive
ttlHxUA48zS3fkw9XqjgUQ,3.4,positive
tvPe_GRHrth-gw4MpgWSBg,3.888888888888889,negative
tvyugKy5KqLOxYxVVQD_GA,3.333333333333333,negative
tx_jBNjeNuWNJEt0Iaw5cg,4.0,negative
txnF1YKFNyPjyS5kFhnkOw,3.0,negative
tyrHMnp2nZLed5GUURup1Q,4.0,negative
u-TSkC4YboeOoWj0A9NuJA,4.5,negative
u1ocVuereEBvQIeJVfko8Q,2.0,negative
u40C8To19pTL9rQ3f2thJg,4.333333333333333,positive
u6xe7al6lWQLZ8yTjkjhYw,3.96,positive
u8vDD51QRXb_JWiMziqieQ,4.0,positive
uAYeSQsoDOwy21nZ1_f59Q,2.4,negative
uE_4KPIReIF1c1Llm54SLA,2.6153846153846154,negative
uFHUlEgOBav4iNmMIx5EvA,3.0,negative
uGERjfrgUMl2O6LtFga3WA,3.8333333333333335,positive
uINr6f7pxxVGp5IKX_wWbw,4.769230769230768,positive
uJoDQZDuoVw2irtMxSVjLQ,5.0,positive
uOCaqPTCyZ64i6UVS0jzNg,4.0,positive
uTg6BwVQl0ldbx2R5IYdpA,3.9090909090909087,positive
uWKg0mUltynzwV65KvpriQ,2.5,negative
uXU1lcTLSg4H4F4NiG3l2A,1.0,negative
ubNzerxb8ox5bmA2EGkKBg,4.0,positive
ubgq-LgELc0m1KV_1t0Ykg,3.75,positive
ufsiQbsP9vA-aOq9-R82wg,3.2238805970149254,positive
ug8UXuC-n_2osuLi5-9hGw,3.4166666666666665,negative
ugOU_IJV4qFSaC1BtuazyQ,3.3052631578947365,positive
ugSIP2rgLbJobTJIHdd8nA,3.75,positive
uio8zJnQ32w6QIP6_q07hw,3.0,negative
umYdcjb76WqWv7EHwRH89w,2.0,positive
uq9AaGYxrqq70qzhqZC9Bg,5.0,positive
urI7MSsoloEYLOYR50ea-w,5.0,positive
urq5gzjEdD9qeeC4W-m9nQ,4.5,positive
usFdW6gSwqL_bkSkWj5Yig,4.75,negative
uw-Ebmb4AfMjgIUozg8tPg,3.333333333333333,positive
uwtw5rgUIynMNXeTRyIW9A,1.0,negative
uy1u94JjPgbtnNpmmK6d-Q,3.294117647058824,negative
uy2bscWexAcIhOQJ_rn3cQ,3.3684210526315788,positive
uzr-QMRV484fUurVpVTiCg,1.0,negative
v1Ei_eihYKZ5N9pyonyREg,2.25,negative
v2Ix2WXBy3he0mco3AqhUw,1.0,negative
v2N1YRQaOGaGcjPSuHXpnA,5.0,negative
v9d1-W91yQXPRKSk-c44-A,3.0,positive
v9juVZZUeFiflHK612nODg,4.0,positive
v9mgNbXlvLBaUBRb05jEBA,3.5,negative
vD_0vSkkCMrcJEyfQrKL0g,5.0,positive
vEr2Zi-dkDbpI0OzNemTew,2.2,negative
vG-g_ScbRDYWQwv2hgtvOg,5.0,positive
vGS0dijuI5jTSBgL27Q-Zg,5.0,positive
vHKN9wutsLJzeE1k6HC1cA,2.0,negative
vSONj_u31H8ESeBghe1XOw,4.333333333333333,positive
vSPwIi7cLzgZh2yhju__3Q,1.3333333333333333,negative
vT1SP3taJMJhhkUnEe5PbQ,3.4285714285714284,positive
vVNyyI75RVIfUHatVrpsRg,5.0,positive
vZbDARpCbOg2A1bdsfSkGw,3.9,negative
vgY04DIZ_H-C76byA4DbBg,4.0,positive
viikU_jvPzm6y9tCQwKyLQ,5.0,negative
vjhwvtpgYjNR9Tjui7BJNg,3.5,negative
vkDIWNVOPbEt_id7TtBuCA,4.0,negative
vnPbptTIVhqwrGh45aMykw,2.0,negative
vq1RxWc-xGWk7idaCsvygQ,5.0,negative
vqCfdZCRH7h6eAB0U7ANGg,3.575757575757576,positive
vtGAHJ9kSkjsEdTmjHrbkA,3.6,positive
vvhfPV-Llkd4fE2SHuLVvA,3.905775075987842,positive
vz7ZaX5QoHDzfUXEo5Ifdw,5.0,negative
vzXD9UzRwUQMF3XvD0gVfw,1.0,negative
w0mb3yjlTIQww7A2TWnnrA,2.555555555555556,negative
w4Zhs07XsnguR_qiAbIIlg,4.875,positive
w739wCs5iPyZiTcddybAKA,5.0,positive
wBAHQCdvi2nhNEQEJQhefw,4.0,negative
wBZO2x9VGwNBob6nTSmIjg,1.0,negative
wCbe8W-NyDGOtz74Olj20g,5.0,positive
wCudiJygDLWQ5vIa_h4NAw,4.0,negative
wEAkoRMLpxYZEbmvvoxrpw,3.0,positive
wEJLvvg9s_nQwv86hm3sVQ,4.0,negative
wHwa6_m7oQxRLR3LgEeoRQ,4.166666666666667,positive
wKRH7SU9DJIl6UHyJaf-zQ,2.0,negative
wN0qoT6RqL0IUxMf_318rA,3.0625,negative
wNFU48QjD28TfHTPRiUQag,1.0,negative
wOMGsjOlA16LrZsjaeUaMw,3.0,negative
wPF6nl0QmhbTVmqaWoh0bg,3.2291666666666665,positive
wRIOJrdyfRxruoh18PEaGg,5.0,positive
wRuSNufHIzHqO2Jsg7ERzA,3.5,negative
wTGj-0PpMSwd2kNMJSuEMQ,4.631578947368421,positive
wWMfNg6RZsaJ8oNkv7Kr5A,1.0,negative
wWe-Yw_vuRzPNjZeA8_qig,3.0,positive
wZObfwweii9_1rckShR15g,3.3666666666666667,positive
w_AZIu-_asCQB_tGbXTQ5g,3.0,negative
w_xGAG7O9PwTQeK0qgG1lg,3.0,negative
wanar2c7ekrOv1_iVPISrQ,3.0,positive
wbOL77wMgSKV1yOkQuxw2Q,4.078947368421051,positive
wc--t61Hm6lab87duf6R8g,3.0,negative
wehHaAAnkl1G51jRnkNEVg,4.052631578947368,positive
wfKFdeMBIphkvYFELcw5OA,1.0,negative
wgojB3OEaA9uoxi1oMX9VA,3.111111111111111,positive
whjphU0MQGZKq3iiK8q3nA,4.333333333333333,positive
wirALlXHxcpcy0aKBjYnKg,1.5,negative
wpJlmJzn8D5uyvdUUeoh5Q,5.0,positive
wpcfU55I5IQr8mj62qow8Q,2.0,negative
wq3LOIniudXC8m5ovKFVkQ,3.5,negative
wtx3v6uLip1a0hF9N_scBg,3.9230769230769234,positive
wx6Ji61w71sYCx5ffcOvyg,1.0,negative
wxulYNnMo0J5urT5D7qtNA,1.0,negative
x1n82y4si2wajmqMD3Og4w,4.0,positive
x3xbOEyS5Y6SGRSHnCQw-g,3.875,negative
x4CDOj7v8i8g9nr8vcLBOw,1.0,negative
x4NU3ZZLXzX-aFFv9lik8w,5.0,negative
xBfcLsjE4yUkeqoIvr9H3A,3.282608695652174,positive
xCu4bWRTkvrRQanpl0Em3Q,4.166666666666667,negative
xCzfrPUTHQTwmcKBTxwPRw,3.0,positive
xFUDJVbqxQ_ENSSn3q7oIQ,4.5,negative
xJrdZKmsJK4qSHBRKleY0w,4.5,positive
xMFJAv8POQZLfM1_BZUeWg,2.5,negative
xMGvWnGbt5gz6wbLksBI2w,2.75,negative
xNb3CabDo85OHy7XWQzRdw,3.0,negative
xTVfOYJyBDDkDIlB3lvGcA,4.0,negative
xTWfvYugazbzW_NG-9yn5g,3.5,negative
xTcxBOETTr5Aqnq6OaQGEw,5.0,positive
xVMd_mVmhJ_-lnLgLYkLuw,3.6,positive
xYqTlEZd78qev4JX9fwr1Q,1.0,negative
xcXPHig4hVjvtSCGEazkFg,3.3076923076923075,negative
xcm1sIRIH6oBRfWuwkoKdg,5.0,positive
xdmVpTrTPB04CwNPXgwP2A,5.0,positive
xh1Qli79Vdh-je0Oh4PFrA,4.25,positive
xhbz-YZnqLt_CimqsMTV5A,4.5,positive
xjn4_bi8z0zp50nqYma35A,1.0,negative
xkMyDzigE37cTF_b_FgDDQ,2.6666666666666665,negative
xlN9TovJY00doxunebIcyw,3.5,positive
xlWQh0LrdYk-yTOO4Tm7hw,5.0,positive
xm2qm-Jg9LLznXK2WBG7eg,3.2352941176470584,negative
xm5jqV7BQDnD3HNPUo9fGg,3.5,positive
xnsm8fBkLebZexWWfWdgtw,3.8,positive
xoS0iA36biZSXYE7y57D_g,3.8,positive
xqMuFheDo2goNG99aIjerw,4.0,positive
xrh3M628w9K4vb2Fi9ZpUQ,3.0,positive
xuCWMXnzghna_RHQ5bUTCw,4.375,positive
xuaIayCC4Js5jwv56t4cXA,4.9230769230769225,positive
xvywk-LZ5n4_zNAjS5EQUg,5.0,positive
xwGtllvWOv9ymnGcLOA_0w,3.5,negative
y-LM0dWQwG19nVI5ekizvA,1.0,negative
y0nj4wd1TlDhXCIW42R4EA,4.375,positive
y17CXCLiOu-7Sf0boRa5Ow,5.0,positive
y1w2k9v3d3W-mlovmEZgug,5.0,negative
y2cIL_WBmVvLL5LXAZ2Efg,4.5,positive
y3zmRXGAUH9MBo3JdjD68g,3.6666666666666665,positive
y6tv-NkSYZ5qqJNNbuC4BA,3.5,negative
yBjUhbbqPu870Q703F3qnw,4.0,positive
yCg8wOW7Q7TxGlBVTXFWQQ,3.0,negative
yCrH4ehLp1diOVwjw4814g,1.6666666666666667,negative
yExniedozBhXel2EfxbSRQ,5.0,positive
yHxa5wDj8bGBTrqXFOMcBA,3.696428571428572,negative
yIuqjxGAjTewuZB869icmg,5.0,positive
yJ90zrq3HE14qbKjXD5Syw,4.6,positive
yJTEnjRt607Tu7RY3PEw_g,1.8333333333333333,negative
yMcDIh6SRcPQwAGMORi4Aw,2.6923076923076925,positive
yNweEMRrf32JAcoBuqqGOg,4.0,negative
yThR-_zCYvgZWwEyVEbOWA,4.0,positive
yWHmOFtFvIs55OL66mx-DQ,4.1875,positive
yXIHUbTWAB752pomfyEEZg,3.6060606060606064,positive
yZ0UbhmCU39XHtq52nkpAg,3.0,negative
y_sK_GBjfaUrgn-uHeTZ7A,4.0,negative
yaLdPxECCf8yFS5ywidHrQ,4.380952380952381,negative
ybNN5z1UIieXhFcyzfFmew,1.0,negative
ydbXnt64wE4yqpmirvV2pA,4.5,negative
ydi7Ony6R6vk1SjZ8FpGrw,4.5,negative
ygwIGP39WZZqI8xefWAegA,5.0,positive
yhquv46aQ3PUKz-DuEpEQQ,3.083333333333333,positive
yi4VBb-Xoa9DgVTwCNl5TQ,3.4,negative
yof44TZ_nE-spa8lBGn5sQ,4.0,positive
yog5s_F50mt5ReBG8MY7IQ,4.188405797101448,positive
yqAoPenbIeH4dokFrGxUrg,4.111111111111111,positive
yrhLFb0OolgiUAWDYrbtnQ,5.0,negative
ytOJrl62YnRxCTboY8SArQ,1.0,negative
yuOFRZBjFxeb8GY359KIkg,5.0,positive
ywf_DJBjSZALlJgoSZ2sLA,1.0,negative
yyixN4LYkeZiCAEfIfpLRw,3.0882352941176467,positive
yymUzls_TFuBLRJvPi3pxw,1.0,negative
z1UupStsGEMA1X8urHlF5A,4.294117647058823,negative
z1YvxReqV__3ONX3tm7d-Q,3.6666666666666665,positive
z41-NVhfPStAr4NxkVX2pA,1.0,negative
z4m1ZJElOJQBgtWuNfDKYw,3.75,positive
z6pXdB9ot9uQo6eKEe-WOA,3.0,negative
z7CzWRPTpmTj-twQ1uYJ1g,4.0,positive
z7zNyX5hw12cXN2KDwXc3A,4.5,negative
z8VUxTfPom10iNqz5bcjww,4.833333333333333,positive
z8u1spcZqSCDRnX_JXO3ag,4.0,positive
zAAVR-JfaA8myk0Qa4utyg,1.0,negative
zBPxCp44qDS4gQOTl-t1lw,5.0,positive
zC4xzRq3Nj6WgnO9W1hnAw,2.0,positive
zFDveW9qCJjJ-UAxVdp5eA,5.0,positive
zJGwwuKQEtKrG201PMVqXw,5.0,positive
zJotBXsz3wJtEbhVuwNpnw,3.8333333333333335,negative
zNKDS43sOrWMainVltqvRQ,3.0,negative
zPvebBwZz8aPFXz1zI8Usw,1.5,negative
zTCZxkxfRhaS-htslKPXEg,1.0,negative
zTFSvogO4cWvGSn_bdQcOg,4.666666666666667,positive
zYikLo2A4fZg5aWaXjceug,5.0,positive
z_-zug3cMbDaqE2wEW63Bw,4.0,negative
zbwfkoTJue95aKC6S8DKFw,5.0,positive
zlgo2WEF4cA4Ml5hug9SOg,3.2857142857142856,positive
ztuO0tozkkocR_o2OXDuQw,3.414634146341464,negative
ztuPz6X59gBGct24aZAP4Q,5.0,negative
zvBrIOLV74lmJDvTu98PCA,5.0,positive
zwBWiNsbEAXRqPJXme-L1Q,4.25,positive
